记录编号,二维码名称,称呼,手机号,年级,预计参与人数,学习意向校区,填表人,填写方式
L8427,5月9日新高一_总部_公众号,戚女士,13311719509,初三（2025年中考）,2,【徐汇环贸】东湖路9号,戚女士,长按识别二维码
L8456,5月9日新高一_总部_公众号,高女士,18616103938,初三（2025年中考）,2,【徐汇日月光】漕溪路280号 汇腾广场,高吟秋,长按识别二维码
L8540,5月9日新高一_总部_公众号,朱女士,13681684062,初三（2025年中考）,1,【闵行七宝】地铁9号线七宝站1 汇宝广场,朱,长按识别二维码
L8566,5月9日新高一_总部_公众号,senyj_happy,13681710330,初三（2025年中考）,1,【直播课】专属助教答疑督学,senyj_happy,长按识别二维码
L8700,5月9日新高一_总部_公众号,蒋,18721652725,初三（2025年中考）,2,【浦东蓝村路】蓝村路站 富都广场,蒋,微信扫一扫
L8710,5月9日新高一_总部_公众号,陈佳丽,13661633676,初三（2025年中考）,1,【浦东蓝村路】蓝村路站 富都广场,陈佳丽,长按识别二维码
L8717,5月9日新高一_总部_公众号,倪,13817715719,初三（2025年中考）,1,【普陀曹杨路】中山北路2900号 东方国际元中大厦C座,赵悦妍,微信扫一扫
L8720,5月9日新高一_总部_公众号,Tony妈妈,13917173647,初三（2025年中考）,2,【普陀曹杨路】中山北路2900号 东方国际元中大厦C座,Tony妈妈,长按识别二维码
L8735,5月9日新高一_总部_公众号,李妈妈,13816506132,初三（2025年中考）,1,【闵行七宝】地铁9号线七宝站1 汇宝广场,李妈妈,长按识别二维码
L8737,5月9日新高一_总部,天天天蓝,13916721851,初三（2025年中考）,1,【浦东八佰伴】地铁9号线 商城路站,天天天蓝,长按识别二维码
L8749,5月9日新高一_总部_公众号,黄女士,13120782588,初三（2025年中考）,1,【普陀曹杨路】中山北路2900号 东方国际元中大厦C座,黄女士,长按识别二维码
L8752,5月9日新高一_总部_公众号,北北,13701697465,初三（2025年中考）,1,【普陀曹杨路】中山北路2900号 东方国际元中大厦C座,张,长按识别二维码
L8765,5月9日新高一_总部_公众号,谢女士,13636352460,初三（2025年中考）,1,【直播课】专属助教答疑督学,谢女士,长按识别二维码
L8772,5月9日新高一_总部_公众号,乐方,18918779139,初三（2025年中考）,1,【浦东蓝村路】蓝村路站 富都广场,乐方,长按识别二维码
L8789,5月9日新高一_总部_公众号,MAX妈妈,13564100814,初三（2025年中考）,2,【闵行莲花路】沪闵路7876号 胜富仁大厦,MAX妈妈,长按识别二维码
L8790,5月9日新高一_总部_公众号,叶子,13761617778,初三（2025年中考）,2,【闵行莲花路】沪闵路7876号 胜富仁大厦,叶子,长按识别二维码
L8834,5月9日新高一_总部_公众号,linhj,13166150860,初二（2026年中考）,2,【浦东金桥】地铁6号线 金桥路站,林晓航,长按识别二维码
L8875,5月9日新高一_总部_公众号,张峻文妈妈,13701604070,初三（2025年中考）,1,【徐汇日月光】漕溪路280号 汇腾广场,史女士,长按识别二维码
L8916,5月9日新高一_总部,添,13916669185,初三（2025年中考）,1,【普陀曹杨路】中山北路2900号 东方国际元中大厦C座,添,长按识别二维码
L8930,5月9日新高一_总部_公众号,琦琦,13817398534,初三（2025年中考）,1,【浦东金桥】地铁6号线 金桥路站,顾叶美,长按识别二维码
L8932,5月9日新高一_总部_公众号,陈,13917581680,初二（2026年中考）,2,【闵行莲花路】沪闵路7876号 胜富仁大厦,colin,长按识别二维码
L8939,5月9日新高一_校区_七宝,顾心爱,13916838861,初三（2025年中考）,1,【闵行七宝】地铁9号线七宝站1 汇宝广场,顾心爱,长按识别二维码
L8941,5月9日新高一_总部_公众号,罗子星,18001911967,初二（2026年中考）,1,【浦东金桥】地铁6号线 金桥路站,馨妈,长按识别二维码
L8942,5月9日新高一_总部_公众号,周,13764016644,初三（2025年中考）,1,【杨浦江浦路】江浦路1500号(近控江路) 智慧树创意园区,周,长按识别二维码
L8943,5月9日新高一_总部_公众号,汉堡妈,13816035398,初一（2027年中考）,1,【浦东金桥】地铁6号线 金桥路站,杨汉麒,长按识别二维码
L8944,5月9日新高一_总部_公众号,闫锐,18616658597,初三（2025年中考）,1,【浦东金桥】地铁6号线 金桥路站,linda,长按识别二维码
L8947,5月9日新高一_总部_公众号,杜小姐,13817310651,初三（2025年中考）,1,【直播课】专属助教答疑督学,杜小姐,长按识别二维码
L8957,5月9日新高一_总部_公众号,金,13917483149,初三（2025年中考）,1,【浦东八佰伴】地铁9号线 商城路站,金,长按识别二维码
L8960,5月9日新高一_总部_公众号,葛同学,13764308479,初三（2025年中考）,2,【闵行七宝】地铁9号线七宝站1 汇宝广场,闫雪梅,长按识别二维码
L8983,5月9日新高一_总部,宁妈,18317132786,初三（2025年中考）,1,【直播课】专属助教答疑督学,宁妈,长按识别二维码
L9069,5月9日新高一_总部,冰凌,18918106788,初三（2025年中考）,1,【徐汇日月光】漕溪路280号 汇腾广场,俞博文,长按识别二维码
L9071,5月9日新高一_总部,水里的鱼,13611749699,初三（2025年中考）,2,【徐汇环贸】东湖路9号,水里的鱼,长按识别二维码
L9078,5月9日新高一_总部,彬,18101645921,初三（2025年中考）,1,【闵行莲花路】沪闵路7876号 胜富仁大厦,芥末,长按识别二维码
L9080,5月9日新高一_总部,陆璐,13917553192,初三（2025年中考）,2,【浦东蓝村路】蓝村路站 富都广场,陆璐,长按识别二维码
L9085,5月9日新高一_总部,戴女士,18917947197,初三（2025年中考）,1,【徐汇日月光】漕溪路280号 汇腾广场,戴女士,长按识别二维码
L9086,5月9日新高一_总部,吴小姐,13917039331,初三（2025年中考）,1,【徐汇日月光】漕溪路280号 汇腾广场,吴小姐,微信扫一扫
L9105,5月9日新高一_总部,Eveweng,13960775356,初三（2025年中考）,1,【普陀曹杨路】中山北路2900号 东方国际元中大厦C座,Eveweng,长按识别二维码
L9117,5月9日新高一_校区_环贸,小丸子.,13916200906,初三（2025年中考）,1,【徐汇环贸】东湖路9号,陈女士,长按识别二维码
L9151,5月9日新高一_总部,冰,13162054806,初三（2025年中考）,1,【浦东蓝村路】蓝村路站 富都广场,冰,长按识别二维码
L9152,5月9日新高一_总部,风中的铛铛铛,17621882119,初一（2027年中考）,1,【直播课】专属助教答疑督学,测试,微信扫一扫
L9156,5月9日新高一_总部,金,13641754325,初三（2025年中考）,1,【徐汇日月光】漕溪路280号 汇腾广场,金,长按识别二维码
L9166,5月9日新高一_总部,满天星,13120798658,初三（2025年中考）,1,【普陀曹杨路】中山北路2900号 东方国际元中大厦C座,满天星,长按识别二维码
L9168,5月9日新高一_总部,王,13817091804,初三（2025年中考）,1,【闵行七宝】地铁9号线七宝站1 汇宝广场,王,长按识别二维码
L9169,5月9日新高一_总部,喜乐,13817877399,初三（2025年中考）,1,【浦东蓝村路】蓝村路站 富都广场,Lily,长按识别二维码
L9170,5月9日新高一_总部,Lily,13512125728,初三（2025年中考）,2,【浦东金桥】地铁6号线 金桥路站,Lily,长按识别二维码
L9174,5月9日新高一_总部,赵女士,13611876933,初三（2025年中考）,1,【浦东金桥】地铁6号线 金桥路站,赵女士,长按识别二维码
L9175,5月9日新高一_总部,张,13482806011,初三（2025年中考）,1,【闵行莲花路】沪闵路7876号 胜富仁大厦,张,微信其他入口
L9176,5月9日新高一_总部,方小姐,13917235200,初三（2025年中考）,2,【浦东金桥】地铁6号线 金桥路站,方小姐,从相册选取二维码
L9182,5月9日新高一_总部,Melissa 敖,13764522006,初三（2025年中考）,1,【浦东蓝村路】蓝村路站 富都广场,雷梓辰妈妈,长按识别二维码
L9183,5月9日新高一_总部,素锦汐年,13917038323,初三（2025年中考）,1,【直播课】专属助教答疑督学,皓妈,长按识别二维码
L9184,5月9日新高一_总部,朱,13331813136,初三（2025年中考）,2,【杨浦五角场】地铁10号线 江湾体育场站,Yan,长按识别二维码
L9185,5月9日新高一_总部,Ava,13661404939,初三（2025年中考）,2,【直播课】专属助教答疑督学,袁同学妈妈,长按识别二维码
L9186,5月9日新高一_总部,Vanessa,13916639126,初三（2025年中考）,2,【直播课】专属助教答疑督学,熊小姐,长按识别二维码
L9192,5月9日新高一_总部,tutu,13916343478,初三（2025年中考）,1,【浦东八佰伴】地铁9号线 商城路站,tutu,长按识别二维码
L9204,5月9日新高一_总部,小酒窝,15316015528,初二（2026年中考）,1,【直播课】专属助教答疑督学,Yetta,长按识别二维码
L9206,5月9日新高一_总部,王女士,18918561675,初三（2025年中考）,1,【普陀曹杨路】中山北路2900号 东方国际元中大厦C座,王兆琳,长按识别二维码
L9214,5月9日新高一_总部,Summer,13917743566,初三（2025年中考）,1,【徐汇日月光】漕溪路280号 汇腾广场,刘燕,长按识别二维码
L9215,5月9日新高一_总部,漆女士,13482291935,初三（2025年中考）,1,【浦东八佰伴】地铁9号线 商城路站,漆女士,长按识别二维码
L9221,5月9日新高一_总部,lff,13564351561,初三（2025年中考）,1,【直播课】专属助教答疑督学,lff,长按识别二维码
L9245,5月9日新高一_总部,小虾米,13661497187,初三（2025年中考）,2,【杨浦江浦路】江浦路1500号(近控江路) 智慧树创意园区,????小虾米????,微信扫一扫
L9248,5月9日新高一_总部,susie,15921483486,初三（2025年中考）,2,【浦东八佰伴】地铁9号线 商城路站,susie,长按识别二维码
L9257,5月9日新高一_总部,王,13901646343,初三（2025年中考）,2,【浦东金桥】地铁6号线 金桥路站,王女士,长按识别二维码
L9279,5月9日新高一_总部,Leanne,13816565271,初三（2025年中考）,1,【浦东八佰伴】地铁9号线 商城路站,Leanne,长按识别二维码
L9292,5月9日新高一_校区_莲花路,MAX妈妈,13564100814,初三（2025年中考）,2,【闵行莲花路】沪闵路7876号 胜富仁大厦,MAX妈妈,长按识别二维码
L9293,5月9日新高一_总部,s,13817936155,初三（2025年中考）,2,【普陀曹杨路】中山北路2900号 东方国际元中大厦C座,沈丽萍,长按识别二维码
L9297,5月9日新高一_总部,周文迪,13044118127,初三（2025年中考）,1,【杨浦江浦路】江浦路1500号(近控江路) 智慧树创意园区,周文迪,长按识别二维码
L9305,5月9日新高一_校区_莲花路,徐颖,18918103439,初三（2025年中考）,2,【闵行莲花路】沪闵路7876号 胜富仁大厦,徐颖,长按识别二维码
L9307,5月9日新高一_总部,lilian,13671988155,初三（2025年中考）,2,【浦东八佰伴】地铁9号线 商城路站,lilian,长按识别二维码
L9310,5月9日新高一_校区_莲花路,钱先生,13817215720,初三（2025年中考）,1,【闵行莲花路】沪闵路7876号 胜富仁大厦,钱先生,长按识别二维码
L9317,5月9日新高一_总部,史女士,13386285732,初三（2025年中考）,1,【浦东蓝村路】蓝村路站 富都广场,史女士,长按识别二维码
L9323,5月9日新高一_总部,张果儿,13917893815,初三（2025年中考）,1,【浦东蓝村路】蓝村路站 富都广场,张先生,长按识别二维码
L9324,5月9日新高一_校区_莲花路,莹妈,18917054629,初三（2025年中考）,2,【直播课】专属助教答疑督学,莹妈,长按识别二维码
L9325,5月9日新高一_总部,林锦鸿,15901796518,初三（2025年中考）,2,【浦东蓝村路】蓝村路站 富都广场,俞姐,长按识别二维码
L9329,5月9日新高一_总部,薛女士,13636586880,初二（2026年中考）,1,【杨浦江浦路】江浦路1500号(近控江路) 智慧树创意园区,许家赫,长按识别二维码
L9333,5月9日新高一_总部,张女士,13818513666,初三（2025年中考）,1,【杨浦江浦路】江浦路1500号(近控江路) 智慧树创意园区,张女士,长按识别二维码
L9334,5月9日新高一_总部,王同学,18001608552,初三（2025年中考）,1,【浦东八佰伴】地铁9号线 商城路站,王同学,长按识别二维码
L9335,5月9日新高一_总部,fy,17717627836,初三（2025年中考）,2,【直播课】专属助教答疑督学,fy,长按识别二维码
L9336,5月9日新高一_总部,孙曼琦妈妈,13761725341,初三（2025年中考）,1,【徐汇日月光】漕溪路280号 汇腾广场,曼琦妈,长按识别二维码
L9338,5月9日新高一_总部,吴女士,15900989522,初三（2025年中考）,2,【浦东金桥】地铁6号线 金桥路站,吴女士,长按识别二维码
L9340,5月9日新高一_总部,顾女士,13764205269,初三（2025年中考）,1,【杨浦五角场】地铁10号线 江湾体育场站,顾女士,长按识别二维码
L9342,5月9日新高一_总部,刘女士,18201853799,初三（2025年中考）,1,【闵行莲花路】沪闵路7876号 胜富仁大厦,刘女士,长按识别二维码
L9345,5月9日新高一_校区_莲花路,马小姐,13761856362,初三（2025年中考）,1,【闵行莲花路】沪闵路7876号 胜富仁大厦,马小姐,长按识别二维码
L9347,5月9日新高一_总部,柏美凤,18916179627,初三（2025年中考）,2,【徐汇日月光】漕溪路280号 汇腾广场,柏美凤,长按识别二维码
L9348,5月9日新高一_总部,陆女士,13916020220,初三（2025年中考）,1,【直播课】专属助教答疑督学,陆女士,长按识别二维码
L9356,5月9日新高一_总部,Amy,13023238353,初三（2025年中考）,1,【普陀曹杨路】中山北路2900号 东方国际元中大厦C座,Amy,长按识别二维码
L9357,5月9日新高一_总部,陈妈,13585532018,初三（2025年中考）,1,【浦东蓝村路】蓝村路站 富都广场,陈家长,长按识别二维码
L9363,5月9日新高一_总部,张果儿,13788940985,初三（2025年中考）,1,【浦东蓝村路】蓝村路站 富都广场,张先生,微信其他入口
L9367,5月9日新高一_校区_江浦路,大宁乖小宁,13816815265,初三（2025年中考）,1,【杨浦五角场】地铁10号线 江湾体育场站,张女士,长按识别二维码
L9368,5月9日新高一_校区_江浦路,黄女士,13916760778,初三（2025年中考）,2,【杨浦江浦路】江浦路1500号(近控江路) 智慧树创意园区,黄,微信扫一扫
L9370,5月9日新高一_校区_江浦路,裘智豪妈妈,18917530238,初三（2025年中考）,1,【杨浦江浦路】江浦路1500号(近控江路) 智慧树创意园区,裘智豪妈妈,微信扫一扫
L9371,5月9日新高一_校区_江浦路,薛女士,13636586880,初二（2026年中考）,1,【杨浦江浦路】江浦路1500号(近控江路) 智慧树创意园区,许家赫,长按识别二维码
L9380,5月9日新高一_总部,杜女士,18930088907,初三（2025年中考）,1,【直播课】专属助教答疑督学,杜女士,长按识别二维码
L9382,5月9日新高一_校区_七宝,Evelyn,13671734691,初三（2025年中考）,1,【直播课】专属助教答疑督学,Evelyn,长按识别二维码
L9383,5月9日新高一_校区_七宝,醉梦书生,13916486573,初三（2025年中考）,1,【闵行七宝】地铁9号线七宝站1 汇宝广场,醉梦书生,长按识别二维码
L9384,5月9日新高一_校区_七宝,姜女士,18616712920,初三（2025年中考）,1,【闵行七宝】地铁9号线七宝站1 汇宝广场,姜女士,长按识别二维码
L9386,5月9日新高一_校区_七宝,Ding～～,17811929121,初三（2025年中考）,1,【闵行七宝】地铁9号线七宝站1 汇宝广场,Ding～～,长按识别二维码
L9387,5月9日新高一_校区_七宝,Leonahuhu,13917998288,初三（2025年中考）,1,【闵行莲花路】沪闵路7876号 胜富仁大厦,胡隽瑛,长按识别二维码
L9389,5月9日新高一_总部,倪,13817715719,初三（2025年中考）,1,【普陀曹杨路】中山北路2900号 东方国际元中大厦C座,赵悦妍,长按识别二维码
L9390,5月9日新高一_校区_七宝,鑫,17717635356,初三（2025年中考）,1,【闵行七宝】地铁9号线七宝站1 汇宝广场,鑫,长按识别二维码
L9394,5月9日新高一_校区_江浦路,邱妈,13701713965,初三（2025年中考）,2,【杨浦江浦路】江浦路1500号(近控江路) 智慧树创意园区,邱妈,长按识别二维码
L9399,5月9日新高一_总部,lin,13818025238,初三（2025年中考）,2,【徐汇日月光】漕溪路280号 汇腾广场,lin,长按识别二维码
L9400,5月9日新高一_总部,聂.德莱.韵古淇,13917116575,初三（2025年中考）,1,【徐汇日月光】漕溪路280号 汇腾广场,聂.德莱.韵古淇,微信扫一扫
L9402,5月9日新高一_总部,邱女士,18918121512,初三（2025年中考）,1,【杨浦江浦路】江浦路1500号(近控江路) 智慧树创意园区,邱女士,长按识别二维码
L9403,5月9日新高一_总部,余鱼与渔,13917786319,初二（2026年中考）,1,【闵行七宝】地铁9号线七宝站1 汇宝广场,余,长按识别二维码
L9404,5月9日新高一_总部,陈,13788915877,初三（2025年中考）,1,【杨浦五角场】地铁10号线 江湾体育场站,陈,长按识别二维码
L9405,5月9日新高一_总部,张蓉,13816372896,初三（2025年中考）,2,【徐汇环贸】东湖路9号,张蓉,长按识别二维码
L9407,5月9日新高一_校区_江浦路,邱女士,18918121512,初三（2025年中考）,2,【杨浦江浦路】江浦路1500号(近控江路) 智慧树创意园区,邱女士,长按识别二维码
L9408,5月9日新高一_总部,朱女士,18616839132,初三（2025年中考）,1,【直播课】专属助教答疑督学,朱女士,微信扫一扫
L9409,5月9日新高一_总部,余,17821453027,初二（2026年中考）,1,【闵行莲花路】沪闵路7876号 胜富仁大厦,余,长按识别二维码
L9410,5月9日新高一_总部,徐,13512155175,初三（2025年中考）,1,【浦东八佰伴】地铁9号线 商城路站,徐,长按识别二维码
L9412,5月9日新高一_校区_日月光,贡女士,18916958292,初三（2025年中考）,1,【徐汇日月光】漕溪路280号 汇腾广场,贡女士,长按识别二维码
L9413,5月9日新高一_总部,王女士,13761821559,初三（2025年中考）,1,【浦东蓝村路】蓝村路站 富都广场,王女士,长按识别二维码
L9415,5月9日新高一_总部,蔡妈妈,13916774931,初三（2025年中考）,1,【直播课】专属助教答疑督学,蔡妈妈,长按识别二维码
L9417,5月9日新高一_校区_日月光,郑文,13916140894,初三（2025年中考）,1,【浦东蓝村路】蓝村路站 富都广场,郑文,长按识别二维码
L9423,5月9日新高一_总部,ice,14782374737,初三（2025年中考）,1,【直播课】专属助教答疑督学,ice,微信扫一扫
L9424,5月9日新高一_校区_江浦路,蜜雪儿,13918402089,初三（2025年中考）,1,【直播课】专属助教答疑督学,蜜雪儿,长按识别二维码
L9425,5月9日新高一_总部,弹指之间,13701784697,初三（2025年中考）,1,【直播课】专属助教答疑督学,弹指之间,长按识别二维码
L9426,5月9日新高一_总部,謝老師,18018666320,初三（2025年中考）,1,【闵行七宝】地铁9号线七宝站1 汇宝广场,謝老師,微信其他入口
L9427,5月9日新高一_总部,内部,18974994763,初一（2027年中考）,1,【直播课】专属助教答疑督学,内部人员,微信扫一扫
L9428,5月9日新高一_总部,梁女士,13918313259,初三（2025年中考）,1,【浦东金桥】地铁6号线 金桥路站,梁,长按识别二维码
L9429,5月9日新高一_总部,刘蕙,15821668891,初三（2025年中考）,2,【浦东蓝村路】蓝村路站 富都广场,刘蕙,微信其他入口
L9430,5月9日新高一_总部,May,13003297798,初三（2025年中考）,2,【杨浦五角场】地铁10号线 江湾体育场站,May,长按识别二维码
L9431,5月9日新高一_总部,王先生,17811965998,初三（2025年中考）,1,【浦东蓝村路】蓝村路站 富都广场,王先生,微信其他入口
L9432,5月9日新高一_总部,八雲樹,13817598339,初三（2025年中考）,1,【直播课】专属助教答疑督学,八雲樹,微信其他入口
L9433,5月9日新高一_总部,王,13671589563,初三（2025年中考）,1,【杨浦江浦路】江浦路1500号(近控江路) 智慧树创意园区,王女士,长按识别二维码
L9434,5月9日新高一_总部,苏先生,18616896650,初三（2025年中考）,2,【浦东金桥】地铁6号线 金桥路站,苏先生,微信其他入口
L9435,5月9日新高一_总部,Shirley Wang,18930975239,初三（2025年中考）,1,【浦东蓝村路】蓝村路站 富都广场,Shirley Wang,微信其他入口
L9436,5月9日新高一_总部,李文怡,13818800531,初三（2025年中考）,1,【徐汇日月光】漕溪路280号 汇腾广场,李文怡,长按识别二维码
L9438,5月9日新高一_总部,谈,13818805480,初三（2025年中考）,1,【浦东八佰伴】地铁9号线 商城路站,Helen,微信其他入口
L9439,5月9日新高一_总部,顾心爱,13916838861,初三（2025年中考）,1,【闵行七宝】地铁9号线七宝站1 汇宝广场,顾心爱,长按识别二维码
L9440,5月9日新高一_总部,Yessir,18930407090,初三（2025年中考）,1,【闵行七宝】地铁9号线七宝站1 汇宝广场,Yessir,微信其他入口
L9441,5月9日新高一_总部,周荞荞妈妈,13062750908,初二（2026年中考）,1,【浦东蓝村路】蓝村路站 富都广场,嘉沂,微信其他入口
L9442,5月9日新高一_总部,杨丽娟,13611937683,初三（2025年中考）,1,【闵行七宝】地铁9号线七宝站1 汇宝广场,杨丽娟,微信其他入口
L9443,5月9日新高一_总部,吴先生,13764788508,初三（2025年中考）,1,【徐汇日月光】漕溪路280号 汇腾广场,吴先生,长按识别二维码
L9444,5月9日新高一_总部,丁政权,13917757349,初二（2026年中考）,1,【浦东蓝村路】蓝村路站 富都广场,丁厚露,长按识别二维码
L9445,5月9日新高一_总部,Jenny,18616022722,初三（2025年中考）,1,【浦东蓝村路】蓝村路站 富都广场,Amy,微信其他入口
L9447,5月9日新高一_总部,Michelle,18019186992,初三（2025年中考）,2,【闵行莲花路】沪闵路7876号 胜富仁大厦,Michelle,微信其他入口
L9448,5月9日新高一_总部,于,18321073847,初三（2025年中考）,1,【直播课】专属助教答疑督学,于,长按识别二维码
L9449,5月9日新高一_总部,冯,13681662827,初三（2025年中考）,1,【浦东蓝村路】蓝村路站 富都广场,冯,微信其他入口
L9450,5月9日新高一_校区_日月光,13816569638,13816569638,初三（2025年中考）,1,【徐汇日月光】漕溪路280号 汇腾广场,13816569638,微信扫一扫
L9451,5月9日新高一_总部,一夏一秋,13788986395,初三（2025年中考）,1,【浦东八佰伴】地铁9号线 商城路站,一夏一秋,微信其他入口
L9452,5月9日新高一_总部,侯小姐,18221652596,初三（2025年中考）,1,【浦东蓝村路】蓝村路站 富都广场,侯同学,微信其他入口
L9453,5月9日新高一_总部,CIoud^~^,13402113620,初三（2025年中考）,1,【浦东蓝村路】蓝村路站 富都广场,仇女士,长按识别二维码
L9454,5月9日新高一_总部,仇女士,18521030536,初三（2025年中考）,1,【浦东八佰伴】地铁9号线 商城路站,仇女士,长按识别二维码
L9456,5月9日新高一_总部,夏夏,13917772374,初三（2025年中考）,2,【普陀曹杨路】中山北路2900号 东方国际元中大厦C座,夏夏,微信其他入口
L9459,5月9日新高一_总部,张,13611983557,初二（2026年中考）,1,【浦东八佰伴】地铁9号线 商城路站,张,微信其他入口
L9465,5月9日新高一_总部,田笑,18321303281,初三（2025年中考）,1,【徐汇日月光】漕溪路280号 汇腾广场,田笑,长按识别二维码
L9466,5月9日新高一_总部,郑先森,13817871844,初三（2025年中考）,1,【直播课】专属助教答疑督学,郑先森,长按识别二维码
L9467,5月9日新高一_总部,Michael,13816131557,初三（2025年中考）,1,【直播课】专属助教答疑督学,符先生,微信其他入口
L9469,5月9日新高一_总部,小鱼儿,18917397836,初三（2025年中考）,1,【直播课】专属助教答疑督学,小鱼儿,微信其他入口
L9471,5月9日新高一_总部,倒倒,17317853860,初三（2025年中考）,2,【普陀曹杨路】中山北路2900号 东方国际元中大厦C座,倒倒,长按识别二维码
L9473,5月9日新高一_总部,陈同学的mm,13524597193,初三（2025年中考）,1,【浦东金桥】地铁6号线 金桥路站,陈同学的mm,长按识别二维码
L9476,5月9日新高一_总部,艾琳,13331909399,初三（2025年中考）,1,【普陀曹杨路】中山北路2900号 东方国际元中大厦C座,艾琳,长按识别二维码
L9477,5月9日新高一_总部,大鱼儿,18616619575,初三（2025年中考）,2,【徐汇环贸】东湖路9号,大鱼儿,长按识别二维码
L9478,5月9日新高一_总部,爱米,18049935572,初三（2025年中考）,1,【浦东八佰伴】地铁9号线 商城路站,爱米,长按识别二维码
L9479,5月9日新高一_总部,史先生,13916370906,初三（2025年中考）,1,【闵行莲花路】沪闵路7876号 胜富仁大厦,史先生,微信其他入口
L9482,5月9日新高一_总部,高琳,18621855257,初三（2025年中考）,2,【浦东金桥】地铁6号线 金桥路站,高琳,微信其他入口
L9489,5月9日新高一_总部,刘,15601884918,初三（2025年中考）,1,【浦东八佰伴】地铁9号线 商城路站,刘,微信其他入口
L9490,5月9日新高一_总部,陈易,17321287325,初三（2025年中考）,1,【浦东八佰伴】地铁9号线 商城路站,陈易,长按识别二维码
L9491,5月9日新高一_总部,zhulingyun,13916741326,初三（2025年中考）,1,【普陀曹杨路】中山北路2900号 东方国际元中大厦C座,朱,微信其他入口
L9500,5月9日新高一_总部,艾女士,13636319663,初三（2025年中考）,1,【浦东蓝村路】蓝村路站 富都广场,艾女士,长按识别二维码
L9501,5月9日新高一_总部,村姑,13667155936,初三（2025年中考）,1,【浦东金桥】地铁6号线 金桥路站,村姑,微信其他入口
L9503,5月9日新高一_总部,up,18616957197,初三（2025年中考）,2,【杨浦五角场】地铁10号线 江湾体育场站,up,长按识别二维码
L9505,5月9日新高一_总部,郭姐,13917052086,初三（2025年中考）,2,【浦东八佰伴】地铁9号线 商城路站,郭姐,长按识别二维码
L9506,5月9日新高一_总部,陈小姐,13760696695,初三（2025年中考）,1,【普陀曹杨路】中山北路2900号 东方国际元中大厦C座,陈小姐,微信其他入口
L9511,5月9日新高一_总部,婷雯,18055378326,初三（2025年中考）,1,【普陀曹杨路】中山北路2900号 东方国际元中大厦C座,张,微信其他入口
L9513,5月9日新高一_校区_直播课,张女士,18101875033,初三（2025年中考）,1,【浦东八佰伴】地铁9号线 商城路站,张女士,长按识别二维码
L9515,5月9日新高一_总部,cc,15316107397,初三（2025年中考）,1,【普陀曹杨路】中山北路2900号 东方国际元中大厦C座,cc,微信其他入口
L9525,5月9日新高一_总部,江老师,13917002417,初三（2025年中考）,1,【杨浦五角场】地铁10号线 江湾体育场站,江老师,长按识别二维码
L9526,5月9日新高一_总部,Momo（邱老师）,19514613193,初三（2025年中考）,1,【直播课】专属助教答疑督学,Momo（邱老师）,微信其他入口
L9528,5月9日新高一_总部,邹琪,13817092211,初三（2025年中考）,1,【徐汇日月光】漕溪路280号 汇腾广场,周奇,长按识别二维码
L9530,5月9日新高一_总部,张手机,18930067976,初一（2027年中考）,1,【杨浦五角场】地铁10号线 江湾体育场站,张手机,微信其他入口
L9532,5月9日新高一_总部,小焌,15900572955,初三（2025年中考）,2,【直播课】专属助教答疑督学,小焌,长按识别二维码
L9571,5月9日新高一_校区_蓝村路,昌先生,13910197147,初三（2025年中考）,1,【浦东蓝村路】蓝村路站 富都广场,昌先生,长按识别二维码
L9575,5月9日新高一_校区_蓝村路,喃喃自语,13817104510,初三（2025年中考）,1,【浦东蓝村路】蓝村路站 富都广场,浩轩妈妈,微信扫一扫
L9577,5月9日新高一_校区_蓝村路,Melissa 敖,13764522006,初三（2025年中考）,1,【浦东蓝村路】蓝村路站 富都广场,雷梓辰妈妈,长按识别二维码
L9578,5月9日新高一_校区_蓝村路,susie,15921483486,初三（2025年中考）,2,【浦东蓝村路】蓝村路站 富都广场,susie,长按识别二维码
L9579,5月9日新高一_校区_蓝村路,哆啦の梦,18016286853,初三（2025年中考）,1,【浦东金桥】地铁6号线 金桥路站,胡女士,长按识别二维码
L9580,5月9日新高一_校区_蓝村路,天蓝蓝,15026692688,初三（2025年中考）,2,【浦东蓝村路】蓝村路站 富都广场,滢滢妈妈,长按识别二维码
L9586,5月9日新高一_校区_蓝村路,李雨菡妈妈,13818934381,初三（2025年中考）,2,【浦东蓝村路】蓝村路站 富都广场,李雨菡妈妈,微信扫一扫
L9591,5月9日新高一_校区_蓝村路,乐妈,13817965534,初三（2025年中考）,1,【浦东蓝村路】蓝村路站 富都广场,乐妈,长按识别二维码
L9592,5月9日新高一_校区_莲花路,江老师,13917002417,初三（2025年中考）,1,【杨浦五角场】地铁10号线 江湾体育场站,江老师,长按识别二维码
L9594,5月9日新高一_校区_莲花路,贾先生,15221859394,初三（2025年中考）,1,【闵行莲花路】沪闵路7876号 胜富仁大厦,贾先生,长按识别二维码
L9595,5月9日新高一_校区_蓝村路,太阳花开,15921063301,初三（2025年中考）,1,【浦东蓝村路】蓝村路站 富都广场,太阳花开,微信扫一扫
L9601,5月9日新高一_校区_蓝村路,张,13331813915,初三（2025年中考）,2,【浦东蓝村路】蓝村路站 富都广场,张,长按识别二维码
L9605,5月9日新高一_校区_蓝村路,刘奕辰,18917521558,初三（2025年中考）,1,【浦东八佰伴】地铁9号线 商城路站,刘,长按识别二维码
L9606,5月9日新高一_校区_蓝村路,董女士,15921726468,初三（2025年中考）,1,【浦东蓝村路】蓝村路站 富都广场,董女士,长按识别二维码
L9607,5月9日新高一_校区_直播课,SqwwqS,13761550823,初三（2025年中考）,2,【直播课】专属助教答疑督学,SqwwqS,微信扫一扫
L9609,5月9日新高一_总部,卞,18101804815,初三（2025年中考）,1,【直播课】专属助教答疑督学,卞,微信其他入口
L9610,5月9日新高一_校区_八佰伴,邓,18717938135,初三（2025年中考）,2,【浦东蓝村路】蓝村路站 富都广场,王曼曼家长,长按识别二维码
L9613,5月9日新高一_校区_曹杨路,艾琳,13331909399,初三（2025年中考）,1,【普陀曹杨路】中山北路2900号 东方国际元中大厦C座,艾琳,微信扫一扫
L9614,5月9日新高一_校区_曹杨路,艾琳,13002105867,初三（2025年中考）,2,【普陀曹杨路】中山北路2900号 东方国际元中大厦C座,艾琳,长按识别二维码
L9615,5月9日新高一_校区_环贸,Shelby拉娘,18017622638,初三（2025年中考）,1,【闵行莲花路】沪闵路7876号 胜富仁大厦,陈,长按识别二维码
L9616,5月9日新高一_校区_蓝村路,fy,17717627836,初三（2025年中考）,1,【浦东蓝村路】蓝村路站 富都广场,fy,长按识别二维码
L9617,5月9日新高一_校区_曹杨路,徐,18221387588,初三（2025年中考）,1,【普陀曹杨路】中山北路2900号 东方国际元中大厦C座,徐,长按识别二维码
L9618,5月9日新高一_校区_八佰伴,周女士,15001961509,初三（2025年中考）,2,【浦东八佰伴】地铁9号线 商城路站,周先生,长按识别二维码
L9622,5月9日新高一_校区_蓝村路,yaoayao0111,13917885109,初三（2025年中考）,1,【浦东八佰伴】地铁9号线 商城路站,徐妈妈,长按识别二维码
L9623,5月9日新高一_校区_日月光,管女士,13611872265,初三（2025年中考）,2,【徐汇日月光】漕溪路280号 汇腾广场,管女士,微信扫一扫
L9624,5月9日新高一_校区_日月光,许超,13761913983,初三（2025年中考）,2,【徐汇日月光】漕溪路280号 汇腾广场,许超,长按识别二维码
L9625,5月9日新高一_校区_环贸,丽莎,13901674339,初三（2025年中考）,2,【徐汇环贸】东湖路9号,丽莎,长按识别二维码
L9626,5月9日新高一_校区_环贸,李女生,13764980224,初三（2025年中考）,1,【徐汇日月光】漕溪路280号 汇腾广场,李女士,微信扫一扫
L9627,5月9日新高一_校区_环贸,Sandy,13901677707,初三（2025年中考）,2,【徐汇日月光】漕溪路280号 汇腾广场,Sandy,长按识别二维码
L9628,5月9日新高一_校区_金桥,SUKI,13816945887,初三（2025年中考）,1,【浦东金桥】地铁6号线 金桥路站,SUKI,长按识别二维码
L9630,5月9日新高一_校区_八佰伴,缪赠妈妈,13906638193,初三（2025年中考）,1,【浦东八佰伴】地铁9号线 商城路站,缪赠妈妈,长按识别二维码
L9631,5月9日新高一_校区_环贸,朱先生,18801927241,初三（2025年中考）,1,【直播课】专属助教答疑督学,朱先生,长按识别二维码
L9632,5月9日新高一_校区_蓝村路,彭先生,18017305380,初三（2025年中考）,2,【浦东蓝村路】蓝村路站 富都广场,彭先生,微信扫一扫
L9635,5月9日新高一_校区_蓝村路,伊伊,18901785080,初三（2025年中考）,1,【直播课】专属助教答疑督学,伊伊,微信扫一扫
L9637,5月9日新高一_校区_蓝村路,孙先生,13512134066,初三（2025年中考）,1,【浦东蓝村路】蓝村路站 富都广场,孙先生,长按识别二维码
L9639,5月9日新高一_校区_日月光,Fei,13916000594,初三（2025年中考）,1,【徐汇日月光】漕溪路280号 汇腾广场,Fei,长按识别二维码
L9640,5月9日新高一_校区_蓝村路,郭恩华,18516205791,初三（2025年中考）,1,【浦东八佰伴】地铁9号线 商城路站,郭恩华,微信扫一扫
L9641,5月9日新高一_校区_蓝村路,戴女士,13917721001,初三（2025年中考）,2,【浦东蓝村路】蓝村路站 富都广场,戴筱俊,长按识别二维码
L9642,5月9日新高一_校区_蓝村路,Zhen,15921872783,初三（2025年中考）,2,【浦东蓝村路】蓝村路站 富都广场,秦臻,长按识别二维码
L9643,5月9日新高一_校区_日月光,黄余悦妈妈,13801755285,初三（2025年中考）,1,【徐汇日月光】漕溪路280号 汇腾广场,余女士,长按识别二维码
L9644,5月9日新高一_校区_蓝村路,边女士,18101814266,初三（2025年中考）,1,【浦东蓝村路】蓝村路站 富都广场,边女士,长按识别二维码
L9645,5月9日新高一_校区_七宝,李妈妈,13816506132,初三（2025年中考）,1,【闵行七宝】地铁9号线七宝站1 汇宝广场,李妈妈,长按识别二维码
L9647,5月9日新高一_校区_蓝村路,敏敏,15601922300,初三（2025年中考）,1,【浦东蓝村路】蓝村路站 富都广场,敏敏,长按识别二维码
L9648,5月9日新高一_校区_日月光,何淏阳,13816223942,初三（2025年中考）,2,【徐汇日月光】漕溪路280号 汇腾广场,何淏阳,长按识别二维码
L9649,5月9日新高一_校区_蓝村路,孟女士,13636397502,初三（2025年中考）,1,【浦东蓝村路】蓝村路站 富都广场,孟女士,长按识别二维码
L9650,5月9日新高一_校区_八佰伴,袁先生,18918382068,初三（2025年中考）,1,【直播课】专属助教答疑督学,袁先生,微信扫一扫
L9651,5月9日新高一_校区_环贸,瑜骏糖糖️,13701833962,初三（2025年中考）,2,【浦东八佰伴】地铁9号线 商城路站,唐女士,长按识别二维码
L9652,5月9日新高一_校区_环贸,翟一歌妈妈,13916255597,初三（2025年中考）,2,【徐汇环贸】东湖路9号,赵女士,长按识别二维码
L9653,5月9日新高一_校区_江浦路,安然,13816722130,初三（2025年中考）,1,【杨浦江浦路】江浦路1500号(近控江路) 智慧树创意园区,戴先生,微信扫一扫
L9654,5月9日新高一_校区_江浦路,杨小姐,13671744880,初三（2025年中考）,1,【杨浦江浦路】江浦路1500号(近控江路) 智慧树创意园区,杨小姐,长按识别二维码
L9655,5月9日新高一_校区_蓝村路,坤坤妈妈,18621810362,初三（2025年中考）,2,【浦东八佰伴】地铁9号线 商城路站,坤坤妈妈,长按识别二维码
L9656,5月9日新高一_校区_日月光,徐女士,13916657766,初三（2025年中考）,1,【徐汇日月光】漕溪路280号 汇腾广场,徐女士,长按识别二维码
L9657,5月9日新高一_校区_环贸,素儿susu～,18101679639,初三（2025年中考）,2,【徐汇环贸】东湖路9号,素儿susu～,长按识别二维码
L9658,5月9日新高一_校区_日月光,陈芳,18930446118,初三（2025年中考）,1,【闵行莲花路】沪闵路7876号 胜富仁大厦,陈芳,微信扫一扫
L9659,5月9日新高一_校区_日月光,wz,18930821765,初三（2025年中考）,1,【徐汇日月光】漕溪路280号 汇腾广场,wz,长按识别二维码
L9661,5月9日新高一_校区_蓝村路,刘女士,13166167718,初三（2025年中考）,2,【浦东蓝村路】蓝村路站 富都广场,刘女士,长按识别二维码
L9662,5月9日新高一_校区_日月光,唐先生,15921200194,初三（2025年中考）,1,【徐汇日月光】漕溪路280号 汇腾广场,唐先生,长按识别二维码
L9663,5月9日新高一_校区_蓝村路,Yannie 贺怀艳,13817084469,初三（2025年中考）,2,【浦东蓝村路】蓝村路站 富都广场,Yannie 贺怀艳,长按识别二维码
L9664,5月9日新高一_校区_日月光,马林,13218532233,初三（2025年中考）,1,【徐汇日月光】漕溪路280号 汇腾广场,刘淇奥,长按识别二维码
L9666,5月9日新高一_校区_莲花路,纯豆浆,13918025875,初三（2025年中考）,2,【直播课】专属助教答疑督学,纯豆浆,长按识别二维码
L9667,5月9日新高一_校区_日月光,朱,18913228174,初三（2025年中考）,2,【徐汇日月光】漕溪路280号 汇腾广场,朱,长按识别二维码
L9668,5月9日新高一_校区_莲花路,Doreen,13817815956,初三（2025年中考）,1,【闵行莲花路】沪闵路7876号 胜富仁大厦,Doreen,长按识别二维码
L9669,5月9日新高一_校区_日月光,徐女士,18998823369,初三（2025年中考）,1,【直播课】专属助教答疑督学,徐女士,长按识别二维码
L9670,5月9日新高一_校区_日月光,曹女士,13501826519,初三（2025年中考）,1,【徐汇日月光】漕溪路280号 汇腾广场,曹女士,长按识别二维码
L9673,5月9日新高一_校区_日月光,邹琪,13817092211,初三（2025年中考）,1,【徐汇日月光】漕溪路280号 汇腾广场,周奇,长按识别二维码
L9674,5月9日新高一_校区_蓝村路,徐,13512155175,初三（2025年中考）,1,【浦东蓝村路】蓝村路站 富都广场,徐,长按识别二维码
L9675,5月9日新高一_校区_莲花路,胡女士,13916995735,初三（2025年中考）,1,【徐汇日月光】漕溪路280号 汇腾广场,胡女士,长按识别二维码
L9677,5月9日新高一_校区_日月光,elina,13916075095,初三（2025年中考）,1,【徐汇日月光】漕溪路280号 汇腾广场,elina,长按识别二维码
L9679,5月9日新高一_校区_莲花路,saumiya,18017100608,初三（2025年中考）,2,【闵行莲花路】沪闵路7876号 胜富仁大厦,徐瑞梅,长按识别二维码
L9680,5月9日新高一_校区_蓝村路,仰望星空,13918865149,初三（2025年中考）,2,【浦东蓝村路】蓝村路站 富都广场,仰望星空,长按识别二维码
L9683,5月9日新高一_校区_日月光,张女士,13918273795,初三（2025年中考）,2,【徐汇日月光】漕溪路280号 汇腾广场,张女士,长按识别二维码
L9686,5月9日新高一_校区_日月光,黄女士,15618984371,初三（2025年中考）,1,【徐汇日月光】漕溪路280号 汇腾广场,黄女士,长按识别二维码
L9687,5月9日新高一_校区_蓝村路,陈女士,18682261356,初三（2025年中考）,1,【浦东蓝村路】蓝村路站 富都广场,陈喜明,长按识别二维码
L9688,5月9日新高一_校区_蓝村路,Chris莉,13585716097,初三（2025年中考）,1,【浦东蓝村路】蓝村路站 富都广场,Chris莉,长按识别二维码
L9690,5月9日新高一_校区_蓝村路,小鱼妈,15821812253,初三（2025年中考）,1,【普陀曹杨路】中山北路2900号 东方国际元中大厦C座,小鱼妈,长按识别二维码
L9691,5月9日新高一_校区_七宝,杨爽,13916100372,初三（2025年中考）,1,【闵行七宝】地铁9号线七宝站1 汇宝广场,杨爽,长按识别二维码
L9692,5月9日新高一_校区_曹杨路,张梦瑶妈妈,13816117830,初三（2025年中考）,2,【直播课】专属助教答疑督学,瑶妈,长按识别二维码
L9695,5月9日新高一_校区_蓝村路,朱某人,13795498878,初三（2025年中考）,2,【浦东蓝村路】蓝村路站 富都广场,朱某人,微信扫一扫
L9697,5月9日新高一_校区_江浦路,周女士,18017583566,初三（2025年中考）,1,【杨浦江浦路】江浦路1500号(近控江路) 智慧树创意园区,周女士,长按识别二维码
L9699,5月9日新高一_校区_莲花路,吴先生,13501651438,初三（2025年中考）,1,【闵行莲花路】沪闵路7876号 胜富仁大厦,吴先生,微信扫一扫
L9700,5月9日新高一_总部,肖像无双,13651997746,初三（2025年中考）,1,【普陀曹杨路】中山北路2900号 东方国际元中大厦C座,肖像无双,长按识别二维码
L9701,5月9日新高一_总部,张女士,18917551981,初三（2025年中考）,2,【浦东蓝村路】蓝村路站 富都广场,张女士,长按识别二维码
L9702,5月9日新高一_总部,Tony妈妈,13917173647,初三（2025年中考）,1,【普陀曹杨路】中山北路2900号 东方国际元中大厦C座,Tony妈妈,长按识别二维码
L9703,5月9日新高一_校区_日月光,蔡丹红,13916557403,初三（2025年中考）,1,【徐汇日月光】漕溪路280号 汇腾广场,蔡,长按识别二维码
L9704,5月9日新高一_校区_江浦路,shirley,13917039702,初三（2025年中考）,1,【浦东蓝村路】蓝村路站 富都广场,shirley,长按识别二维码
L9705,5月9日新高一_总部,郑,13764590234,初三（2025年中考）,1,【普陀曹杨路】中山北路2900号 东方国际元中大厦C座,郑,长按识别二维码
L9706,5月9日新高一_校区_蓝村路,李女士,13564299506,初三（2025年中考）,2,【浦东金桥】地铁6号线 金桥路站,李女士,长按识别二维码
L9707,5月9日新高一_校区_直播课,高先,13816928311,初三（2025年中考）,2,【直播课】专属助教答疑督学,高先生,长按识别二维码
L9708,5月9日新高一_校区_环贸,西湖龙井,13701694569,初三（2025年中考）,1,【徐汇环贸】东湖路9号,西湖龙井,长按识别二维码
L9709,5月9日新高一_校区_日月光,高女士,18616103938,初三（2025年中考）,2,【徐汇日月光】漕溪路280号 汇腾广场,高吟秋,长按识别二维码
L9710,5月9日新高一_校区_蓝村路,cai yibiao,13817109351,初三（2025年中考）,1,【徐汇环贸】东湖路9号,蔡先生,长按识别二维码
L9711,5月9日新高一_总部,蒋女士,13524077318,初三（2025年中考）,1,【普陀曹杨路】中山北路2900号 东方国际元中大厦C座,蒋女士,长按识别二维码
L9712,5月9日新高一_总部,cai yibiao,13817109351,初三（2025年中考）,1,【徐汇环贸】东湖路9号,蔡先生,长按识别二维码
L9713,5月9日新高一_校区_蓝村路,Alen,15601864990,初三（2025年中考）,2,【浦东蓝村路】蓝村路站 富都广场,Alen,长按识别二维码
L9714,5月9日新高一_校区_八佰伴,何先生,13585583028,初三（2025年中考）,1,【浦东蓝村路】蓝村路站 富都广场,何雨轩,长按识别二维码
L9715,5月9日新高一_总部,麦琪,13386018767,初三（2025年中考）,1,【杨浦五角场】地铁10号线 江湾体育场站,麦琪,微信扫一扫
L9716,5月9日新高一_校区_日月光,lin,13818025238,初三（2025年中考）,2,【徐汇日月光】漕溪路280号 汇腾广场,lin,长按识别二维码
L9717,5月9日新高一_校区_莲花路,cc,13816016793,初三（2025年中考）,1,【闵行莲花路】沪闵路7876号 胜富仁大厦,蔡女士,长按识别二维码
L9718,5月9日新高一_校区_蓝村路,曹雪龙,18918926183,初三（2025年中考）,2,【浦东蓝村路】蓝村路站 富都广场,曹雪龙,长按识别二维码
L9719,5月9日新高一_校区_日月光,Lily袁,13761638958,初三（2025年中考）,1,【徐汇日月光】漕溪路280号 汇腾广场,Lily袁,长按识别二维码
L9720,5月9日新高一_总部,小宇,15801954186,初三（2025年中考）,2,【杨浦江浦路】江浦路1500号(近控江路) 智慧树创意园区,周小宇,长按识别二维码
L9721,5月9日新高一_总部,王女士,18121048188,初三（2025年中考）,1,【浦东蓝村路】蓝村路站 富都广场,王女士,长按识别二维码
L9722,5月9日新高一_校区_日月光,猫妈,18621962970,初三（2025年中考）,1,【直播课】专属助教答疑督学,猫妈,长按识别二维码
L9723,5月9日新高一_校区_日月光,杨江,13917511003,初三（2025年中考）,1,【徐汇日月光】漕溪路280号 汇腾广场,杨江,长按识别二维码
L9724,5月9日新高一_校区_日月光,徐女士,13662797875,初三（2025年中考）,1,【徐汇日月光】漕溪路280号 汇腾广场,徐女士,长按识别二维码
L9725,5月9日新高一_校区_日月光,蒋妈妈,13918988337,初三（2025年中考）,1,【徐汇日月光】漕溪路280号 汇腾广场,蒋妈妈,长按识别二维码
L9726,5月9日新高一_校区_日月光,露,13801976321,初三（2025年中考）,1,【直播课】专属助教答疑督学,露,长按识别二维码
L9727,5月9日新高一_总部,杨,13501859988,初三（2025年中考）,1,【浦东蓝村路】蓝村路站 富都广场,丁,长按识别二维码
L9728,5月9日新高一_校区_蓝村路,张女士,18964619697,初三（2025年中考）,2,【浦东八佰伴】地铁9号线 商城路站,张女士,长按识别二维码
L9729,5月9日新高一_校区_环贸,郑,13764590234,初三（2025年中考）,2,【普陀曹杨路】中山北路2900号 东方国际元中大厦C座,郑,从相册选取二维码
L9730,5月9日新高一_校区_日月光,小董妈妈,13127662816,初三（2025年中考）,1,【徐汇日月光】漕溪路280号 汇腾广场,小董妈妈,长按识别二维码
L9731,5月9日新高一_总部,董妈妈,13917439909,初三（2025年中考）,2,【浦东蓝村路】蓝村路站 富都广场,董贞,长按识别二维码
L9732,5月9日新高一_总部,王先生,13918809854,初三（2025年中考）,1,【闵行七宝】地铁9号线七宝站1 汇宝广场,王先生,长按识别二维码
L9733,5月9日新高一_校区_江浦路,李,13213227843,初三（2025年中考）,1,【杨浦江浦路】江浦路1500号(近控江路) 智慧树创意园区,李,微信扫一扫
L9734,5月9日新高一_校区_江浦路,李,19916700263,初三（2025年中考）,1,【杨浦江浦路】江浦路1500号(近控江路) 智慧树创意园区,李,微信扫一扫
L9735,5月9日新高一_总部,赵女士,13761353195,初三（2025年中考）,1,【普陀曹杨路】中山北路2900号 东方国际元中大厦C座,赵娟,长按识别二维码
L9736,5月9日新高一_总部,yyl,15900515626,初三（2025年中考）,1,【直播课】专属助教答疑督学,yyl,长按识别二维码
L9738,5月9日新高一_总部,晓晓,18652628788,初三（2025年中考）,2,【徐汇环贸】东湖路9号,晓晓,长按识别二维码
L9739,5月9日新高一_校区_江浦路,戴香,18217518770,初三（2025年中考）,2,【杨浦江浦路】江浦路1500号(近控江路) 智慧树创意园区,戴香,微信扫一扫
L9740,5月9日新高一_校区_江浦路,刘女士,13166382800,初三（2025年中考）,2,【杨浦江浦路】江浦路1500号(近控江路) 智慧树创意园区,刘女士,长按识别二维码
L9741,5月9日新高一_总部,尹宏,17717631875,初三（2025年中考）,2,【闵行七宝】地铁9号线七宝站1 汇宝广场,尹宏,长按识别二维码
L9742,5月9日新高一_校区_蓝村路,xuxuxyf,13916708243,初三（2025年中考）,1,【浦东蓝村路】蓝村路站 富都广场,xuxuxyf,长按识别二维码
L9743,5月9日新高一_总部,Emily,18964367577,初三（2025年中考）,1,【浦东八佰伴】地铁9号线 商城路站,Emily,长按识别二维码
L9744,5月9日新高一_校区_日月光,iris,13818044343,初三（2025年中考）,1,【徐汇日月光】漕溪路280号 汇腾广场,iris,长按识别二维码
L9746,5月9日新高一_校区_日月光,曾同学家长,15026721606,初二（2026年中考）,2,【徐汇日月光】漕溪路280号 汇腾广场,曾同学家长,长按识别二维码
L9747,5月9日新高一_校区_莲花路,cathy,13918444125,初三（2025年中考）,1,【闵行莲花路】沪闵路7876号 胜富仁大厦,cathy,长按识别二维码
L9748,5月9日新高一_校区_直播课,金女士,18917671382,初三（2025年中考）,2,【浦东金桥】地铁6号线 金桥路站,金女士,长按识别二维码
L9749,5月9日新高一_总部,包包Joyce,13636332215,初三（2025年中考）,1,【普陀曹杨路】中山北路2900号 东方国际元中大厦C座,包包Joyce,长按识别二维码
L9750,5月9日新高一_校区_直播课,仇女士,18121250826,初三（2025年中考）,2,【直播课】专属助教答疑督学,仇女士,长按识别二维码
L9751,5月9日新高一_校区_金桥,罗子星,18001911967,初二（2026年中考）,1,【浦东金桥】地铁6号线 金桥路站,馨妈,长按识别二维码
L9752,5月9日新高一_总部,马导,13817671911,初二（2026年中考）,1,【闵行七宝】地铁9号线七宝站1 汇宝广场,马导,长按识别二维码
L9753,5月9日新高一_校区_八佰伴,汪女士,13818276725,初三（2025年中考）,1,【浦东蓝村路】蓝村路站 富都广场,汪女士,长按识别二维码
L9754,5月9日新高一_校区_金桥,许多多,18012776593,初三（2025年中考）,1,【浦东金桥】地铁6号线 金桥路站,测试,微信扫一扫
L9755,5月9日新高一_总部,阿飞,13816933936,初三（2025年中考）,1,【徐汇日月光】漕溪路280号 汇腾广场,施侃玮,微信其他入口
L9756,5月9日新高一_总部,檀,18521359681,初三（2025年中考）,2,【普陀曹杨路】中山北路2900号 东方国际元中大厦C座,檀,长按识别二维码
L9758,5月9日新高一_校区_日月光,潘贤定,13641847611,初三（2025年中考）,1,【徐汇日月光】漕溪路280号 汇腾广场,潘贤定,长按识别二维码
L9759,5月9日新高一_总部,顾,13601922906,初三（2025年中考）,1,【浦东蓝村路】蓝村路站 富都广场,顾,微信其他入口
L9760,5月9日新高一_总部,李女士,15216791228,初三（2025年中考）,1,【闵行七宝】地铁9号线七宝站1 汇宝广场,李女士,长按识别二维码
L9761,5月9日新高一_校区_日月光,zhuwenxian,13611844720,初三（2025年中考）,1,【浦东蓝村路】蓝村路站 富都广场,zhuwenxian,长按识别二维码
L9762,5月9日新高一_校区_直播课,陈思澜,18616150726,初三（2025年中考）,2,【浦东金桥】地铁6号线 金桥路站,陈思澜,长按识别二维码
L9763,5月9日新高一_校区_日月光,李羿泽,13817825932,初三（2025年中考）,1,【徐汇日月光】漕溪路280号 汇腾广场,李羿泽,长按识别二维码
L9764,5月9日新高一_校区_直播课,Vincent Wu,15921937553,初三（2025年中考）,1,【闵行七宝】地铁9号线七宝站1 汇宝广场,Vincent Wu,长按识别二维码
L9765,5月9日新高一_总部,李女士,13564984663,初三（2025年中考）,2,【浦东蓝村路】蓝村路站 富都广场,Lucy,微信其他入口
L9766,5月9日新高一_校区_日月光,张女士,13621975578,初三（2025年中考）,1,【徐汇日月光】漕溪路280号 汇腾广场,张女士,长按识别二维码
L9767,5月9日新高一_校区_日月光,꧁༺Rachelelel༻꧂,15000681820,初三（2025年中考）,1,【徐汇日月光】漕溪路280号 汇腾广场,张颖,长按识别二维码
L9768,5月9日新高一_校区_七宝,汤先生,13818736868,初三（2025年中考）,2,【闵行七宝】地铁9号线七宝站1 汇宝广场,汤先生,长按识别二维码
L9769,5月9日新高一_总部,cathy,13918444125,初三（2025年中考）,1,【闵行莲花路】沪闵路7876号 胜富仁大厦,cathy,微信其他入口
L9770,5月9日新高一_校区_日月光,余女士,13818943858,初三（2025年中考）,1,【徐汇日月光】漕溪路280号 汇腾广场,余女士,长按识别二维码
L9771,5月9日新高一_校区_蓝村路,曹莉,18116179767,初三（2025年中考）,1,【浦东蓝村路】蓝村路站 富都广场,曹莉,长按识别二维码
L9772,5月9日新高一_校区_日月光,龚高峰,13524858736,初三（2025年中考）,1,【徐汇日月光】漕溪路280号 汇腾广场,龚高峰,长按识别二维码
L9773,5月9日新高一_校区_曹杨路,赵亚,18018313262,初三（2025年中考）,1,【普陀曹杨路】中山北路2900号 东方国际元中大厦C座,赵亚,长按识别二维码
L9774,5月9日新高一_校区_环贸,陈小姐,13916320925,初三（2025年中考）,1,【杨浦五角场】地铁10号线 江湾体育场站,陈旭雯,长按识别二维码
L9775,5月9日新高一_校区_日月光,阿飞,13816933936,初三（2025年中考）,1,【徐汇日月光】漕溪路280号 汇腾广场,施侃玮,长按识别二维码
L9776,5月9日新高一_校区_蓝村路,江,13818593946,初三（2025年中考）,1,【浦东蓝村路】蓝村路站 富都广场,江,长按识别二维码
L9777,5月9日新高一_总部,Caroline,13817205613,初三（2025年中考）,1,【杨浦五角场】地铁10号线 江湾体育场站,谈妈妈,长按识别二维码
L9779,5月9日新高一_总部,恩恩,15900851945,初三（2025年中考）,2,【直播课】专属助教答疑督学,简单,长按识别二维码
L9780,5月9日新高一_校区_直播课,CHY.Jane,13917104073,初三（2025年中考）,1,【徐汇日月光】漕溪路280号 汇腾广场,陈女士,长按识别二维码
L9781,5月9日新高一_校区_日月光,熊女士,13774371686,初三（2025年中考）,1,【徐汇日月光】漕溪路280号 汇腾广场,熊女士,长按识别二维码
L9782,5月9日新高一_校区_莲花路,晗妈,13916859335,初三（2025年中考）,1,【闵行莲花路】沪闵路7876号 胜富仁大厦,晗妈,长按识别二维码
L9783,5月9日新高一_总部,海燕 Joye🇨🇳,13917553132,初三（2025年中考）,1,【杨浦五角场】地铁10号线 江湾体育场站,海燕 Joye????????,微信扫一扫
L9784,5月9日新高一_知伴社群,周女士,18321080907,初三（2025年中考）,1,【浦东金桥】地铁6号线 金桥路站,周女士,长按识别二维码
L9785,5月9日新高一_校区_蓝村路,矫健,18621686521,初三（2025年中考）,1,【浦东蓝村路】蓝村路站 富都广场,石,长按识别二维码
L9786,5月9日新高一_校区_日月光,陈,13916899539,初三（2025年中考）,1,【直播课】专属助教答疑督学,陈,长按识别二维码
L9788,5月9日新高一_校区_直播课,许先生,15921960453,初三（2025年中考）,1,【直播课】专属助教答疑督学,许先生,长按识别二维码
L9789,5月9日新高一_校区_直播课,马雨瑄,13918728690,初三（2025年中考）,1,【闵行莲花路】沪闵路7876号 胜富仁大厦,马雨瑄,微信扫一扫
L9790,5月9日新高一_校区_蓝村路,刘女士,15002117547,初三（2025年中考）,1,【浦东八佰伴】地铁9号线 商城路站,刘女士,长按识别二维码
L9791,5月9日新高一_校区_金桥,余女士,18621668744,初三（2025年中考）,2,【浦东金桥】地铁6号线 金桥路站,余女士,长按识别二维码
L9792,5月9日新高一_校区_日月光,胡女士,13764799157,初三（2025年中考）,1,【徐汇日月光】漕溪路280号 汇腾广场,胡女士,长按识别二维码
L9793,5月9日新高一_校区_金桥,Jun,18521091216,初三（2025年中考）,1,【浦东八佰伴】地铁9号线 商城路站,陆妈妈,长按识别二维码
L9794,5月9日新高一_校区_金桥,林金鸿,13918252335,初三（2025年中考）,1,【浦东金桥】地铁6号线 金桥路站,林金鸿,长按识别二维码
L9795,5月9日新高一_校区_八佰伴,刘女士,15002117547,初三（2025年中考）,1,【浦东八佰伴】地铁9号线 商城路站,刘女士,长按识别二维码
L9796,5月9日新高一_校区_金桥,陈,13564420063,初三（2025年中考）,2,【浦东金桥】地铁6号线 金桥路站,miky,长按识别二维码
L9797,5月9日新高一_校区_莲花路,程,18117455140,初三（2025年中考）,1,【闵行莲花路】沪闵路7876号 胜富仁大厦,程,长按识别二维码
L9798,5月9日新高一_校区_八佰伴,Jun,18521091216,初三（2025年中考）,1,【浦东八佰伴】地铁9号线 商城路站,陆妈妈,长按识别二维码
L9799,5月9日新高一_校区_七宝,松柏妈妈,18918282689,初三（2025年中考）,1,【闵行七宝】地铁9号线七宝站1 汇宝广场,松柏妈妈,长按识别二维码
L9800,5月9日新高一_校区_日月光,Sabrina,13818335582,初二（2026年中考）,1,【闵行莲花路】沪闵路7876号 胜富仁大厦,黄靖轩,长按识别二维码
L9801,5月9日新高一_总部,我,18930520669,初三（2025年中考）,2,【浦东八佰伴】地铁9号线 商城路站,我,微信其他入口
L9802,5月9日新高一_总部,项先生,18017446603,初三（2025年中考）,2,【徐汇日月光】漕溪路280号 汇腾广场,项先生,微信扫一扫
L9803,5月9日新高一_总部,Min,13918235611,初三（2025年中考）,1,【杨浦江浦路】江浦路1500号(近控江路) 智慧树创意园区,Min,长按识别二维码
L9804,5月9日新高一_品牌,王妈妈,13564324639,初三（2025年中考）,1,【直播课】专属助教答疑督学,王妈妈,长按识别二维码
L9805,5月9日新高一_总部,有一种锻炼,13916611664,初三（2025年中考）,2,【浦东金桥】地铁6号线 金桥路站,有一种锻炼,微信其他入口
L9806,5月9日新高一_校区_江浦路,贝,13817323450,初三（2025年中考）,2,【杨浦五角场】地铁10号线 江湾体育场站,贝,长按识别二维码
L9807,5月9日新高一_校区_莲花路,何女士,13482634599,初三（2025年中考）,2,【闵行莲花路】沪闵路7876号 胜富仁大厦,何女士,长按识别二维码
L9810,5月9日新高一_校区_蓝村路,朱,13817223737,初二（2026年中考）,1,【直播课】专属助教答疑督学,朱,长按识别二维码
L9812,5月9日新高一_知伴社群,顾,13817177453,初三（2025年中考）,1,【浦东蓝村路】蓝村路站 富都广场,顾,长按识别二维码
L9813,5月9日新高一_校区_曹杨路,顾,13916380350,初三（2025年中考）,1,【普陀曹杨路】中山北路2900号 东方国际元中大厦C座,顾蓓蓓,长按识别二维码
L9814,5月9日新高一_知伴社群,涵涵妈,13916180294,初一（2027年中考）,2,【普陀曹杨路】中山北路2900号 东方国际元中大厦C座,涵涵妈,长按识别二维码
L9815,5月9日新高一_知伴社群,朱先生,13501917005,初三（2025年中考）,1,【杨浦五角场】地铁10号线 江湾体育场站,朱先生,长按识别二维码
L9816,5月9日新高一_校区_曹杨路,Judy,18916736000,初三（2025年中考）,1,【普陀曹杨路】中山北路2900号 东方国际元中大厦C座,Judy,长按识别二维码
L9817,5月9日新高一_品牌,倪女士,13916439195,初一（2027年中考）,1,【浦东金桥】地铁6号线 金桥路站,顾清妍,长按识别二维码
L9818,5月9日新高一_知伴社群,Samara,15312951530,初三（2025年中考）,1,【徐汇环贸】东湖路9号,Samara,长按识别二维码
L9819,5月9日新高一_知伴社群,欧阳重一,18001603335,初三（2025年中考）,2,【直播课】专属助教答疑督学,欧阳重一,长按识别二维码
L9820,5月9日新高一_知伴社群,doris,13661962083,初三（2025年中考）,1,【普陀曹杨路】中山北路2900号 东方国际元中大厦C座,????doris????,长按识别二维码
L9821,5月9日新高一_校区_日月光,朱先生,13386163293,初二（2026年中考）,1,【徐汇日月光】漕溪路280号 汇腾广场,朱先生,长按识别二维码
L9822,5月9日新高一_总部,赵女士,13371831527,初三（2025年中考）,2,【直播课】专属助教答疑督学,赵女士,长按识别二维码
L9823,5月9日新高一_知伴社群,꧁包包꧂,13564255864,初三（2025年中考）,2,【浦东金桥】地铁6号线 金桥路站,꧁包包꧂,微信扫一扫
L9824,5月9日新高一_校区_日月光,许梦媛妈妈,15711666906,初三（2025年中考）,2,【徐汇日月光】漕溪路280号 汇腾广场,许梦媛妈妈,长按识别二维码
L9826,5月9日新高一_校区_日月光,金月珍,13482201749,初三（2025年中考）,2,【徐汇日月光】漕溪路280号 汇腾广场,金月珍,长按识别二维码
L9827,5月9日新高一_校区_蓝村路,周雅俊13917994843,13917994843,初三（2025年中考）,1,【浦东金桥】地铁6号线 金桥路站,周雅俊13917994843,长按识别二维码
L9828,5月9日新高一_知伴社群,13501811094,13501811094,初三（2025年中考）,1,【直播课】专属助教答疑督学,13501811094,长按识别二维码
L9829,5月9日新高一_总部,噜噜,13801801941,初三（2025年中考）,1,【普陀曹杨路】中山北路2900号 东方国际元中大厦C座,噜噜,微信其他入口
L9830,5月9日新高一_知伴社群,ZYX,13641988673,初三（2025年中考）,2,【浦东金桥】地铁6号线 金桥路站,张悦,长按识别二维码
L9831,5月9日新高一_知伴社群,徐勇,13801956767,初三（2025年中考）,1,【徐汇环贸】东湖路9号,徐勇,长按识别二维码
L9832,5月9日新高一_知伴社群,陈晔,13901859216,初三（2025年中考）,1,【徐汇环贸】东湖路9号,陈晔,长按识别二维码
L9833,5月9日新高一_校区_江浦路,Simon,13764114819,初三（2025年中考）,1,【浦东八佰伴】地铁9号线 商城路站,张先生,长按识别二维码
L9834,5月9日新高一_总部,陈,13564420063,初三（2025年中考）,2,【浦东金桥】地铁6号线 金桥路站,miky,长按识别二维码
L9835,5月9日新高一_校区_蓝村路,程杰,13917788910,初三（2025年中考）,2,【浦东蓝村路】蓝村路站 富都广场,程杰,长按识别二维码
L9838,5月9日新高一_校区_江浦路,胡女士,18016286853,初三（2025年中考）,1,【浦东金桥】地铁6号线 金桥路站,胡女士,长按识别二维码
L9840,5月9日新高一_总部,吴,13917048417,初三（2025年中考）,1,【直播课】专属助教答疑督学,吴,长按识别二维码
L9841,5月9日新高一_校区_江浦路,刘先生,18930315046,初三（2025年中考）,1,【杨浦江浦路】江浦路1500号(近控江路) 智慧树创意园区,刘先生,长按识别二维码
L9843,5月9日新高一_校区_七宝,Yessir,18930407090,初三（2025年中考）,1,【闵行七宝】地铁9号线七宝站1 汇宝广场,Yessir,微信扫一扫
L9845,5月9日新高一_总部直播,范范,13761336266,初三（2025年中考）,1,【杨浦五角场】地铁10号线 江湾体育场站,范范,微信其他入口
L9848,5月9日新高一_校区_曹杨路,梁女士,13524156876,初三（2025年中考）,1,【普陀曹杨路】中山北路2900号 东方国际元中大厦C座,梁女士,长按识别二维码
L9849,5月9日新高一_知伴社群,邱女士,15618515617,初三（2025年中考）,1,【杨浦五角场】地铁10号线 江湾体育场站,邱女士,长按识别二维码
L9851,5月9日新高一_知伴社群,张小姐,13917568968,初三（2025年中考）,1,【浦东金桥】地铁6号线 金桥路站,张小姐,长按识别二维码
L9854,5月9日新高一_校区_曹杨路,余卫兴,13391016866,初三（2025年中考）,1,【徐汇日月光】漕溪路280号 汇腾广场,余卫兴,长按识别二维码
L9861,5月9日新高一_校区_江浦路,樊先生,13817655187,初三（2025年中考）,1,【普陀曹杨路】中山北路2900号 东方国际元中大厦C座,沁爸,长按识别二维码
L9864,5月9日新高一_总部,苏女士,13601749562,初三（2025年中考）,1,【浦东蓝村路】蓝村路站 富都广场,苏老师,微信其他入口
L9866,5月9日新高一_校区_七宝,孩子妈妈,18019745410,初三（2025年中考）,1,【闵行七宝】地铁9号线七宝站1 汇宝广场,孩子妈妈,长按识别二维码
L9867,5月9日新高一_校区_日月光,张女士,13062604827,初三（2025年中考）,1,【浦东蓝村路】蓝村路站 富都广场,张女士,长按识别二维码
L9868,5月9日新高一_品牌,邹琪,13817092211,初三（2025年中考）,1,【徐汇日月光】漕溪路280号 汇腾广场,周奇,长按识别二维码
L9869,5月9日新高一_总部,张先生,13788925815,初三（2025年中考）,2,【浦东金桥】地铁6号线 金桥路站,张先生,长按识别二维码
L9870,5月9日新高一_校区_环贸,余,18501656706,初一（2027年中考）,1,【直播课】专属助教答疑督学,余,微信扫一扫
L9871,5月9日新高一_知伴社群,英女士,13699119525,初二（2026年中考）,1,【浦东八佰伴】地铁9号线 商城路站,妙妙,长按识别二维码
L9872,5月9日新高一_校区_蓝村路,小圆妈妈,18616816073,初三（2025年中考）,1,【徐汇日月光】漕溪路280号 汇腾广场,小圆妈妈,长按识别二维码
L9873,5月9日新高一_校区_江浦路,Nita,13501845775,初二（2026年中考）,1,【浦东蓝村路】蓝村路站 富都广场,Nita????,长按识别二维码
L9882,5月9日新高一_校区_江浦路,方也,13816943508,初三（2025年中考）,1,【杨浦江浦路】江浦路1500号(近控江路) 智慧树创意园区,方也,长按识别二维码
L9884,5月9日新高一_品牌,尹江露,18119676050,其他,1,【闵行莲花路】沪闵路7876号 胜富仁大厦,尹江露,长按识别二维码
L9885,5月9日新高一_品牌,雷克,18516115864,初一（2027年中考）,2,【徐汇日月光】漕溪路280号 汇腾广场,雷克,长按识别二维码
L9889,5月9日新高一_校区_江浦路,刘懿玲,13817933172,初三（2025年中考）,1,【杨浦五角场】地铁10号线 江湾体育场站,刘懿玲,长按识别二维码
L9891,5月9日新高一_校区_七宝,孙梦瑶妈妈,15502141611,初三（2025年中考）,1,【闵行七宝】地铁9号线七宝站1 汇宝广场,孙梦瑶妈妈,长按识别二维码
L9894,5月9日新高一_总部,Jocelyn崔,16602188606,初三（2025年中考）,1,【徐汇日月光】漕溪路280号 汇腾广场,Jocelyn崔,长按识别二维码
L9895,5月9日新高一_校区_江浦路,余女士,13917405443,初三（2025年中考）,2,【杨浦五角场】地铁10号线 江湾体育场站,余女士,长按识别二维码
L9896,5月9日新高一_校区_江浦路,贺秋,13917860702,初三（2025年中考）,1,【杨浦五角场】地铁10号线 江湾体育场站,贺秋,长按识别二维码
L9897,5月9日新高一_校区_蓝村路,优优妈妈,15800931596,初一（2027年中考）,1,【浦东蓝村路】蓝村路站 富都广场,党丽辉,长按识别二维码
L9898,5月9日新高一_校区_蓝村路,高,18019430920,初二（2026年中考）,1,【杨浦江浦路】江浦路1500号(近控江路) 智慧树创意园区,冯高晔,微信扫一扫
L9900,5月9日新高一_校区_蓝村路,任平生,13918004531,初三（2025年中考）,1,【浦东八佰伴】地铁9号线 商城路站,任平生,长按识别二维码
L9902,5月9日新高一_校区_曹杨路,钱,13564031711,初三（2025年中考）,1,【普陀曹杨路】中山北路2900号 东方国际元中大厦C座,钱,长按识别二维码
L9912,5月9日新高一_校区_江浦路,Joy,13916715323,初三（2025年中考）,1,【杨浦江浦路】江浦路1500号(近控江路) 智慧树创意园区,Joy,微信扫一扫
L9915,5月9日新高一_校区_蓝村路,开心,18617090338,初三（2025年中考）,1,【浦东金桥】地铁6号线 金桥路站,肖女士,长按识别二维码
L9916,5月9日新高一_总部,费先生,18616519253,初二（2026年中考）,1,【杨浦江浦路】江浦路1500号(近控江路) 智慧树创意园区,ff,长按识别二维码
L9917,5月9日新高一_总部,又如何,13585095371,初三（2025年中考）,1,【直播课】专属助教答疑督学,又如何,微信其他入口
L9919,5月9日新高一_总部,李彤,15618029861,初三（2025年中考）,2,【浦东蓝村路】蓝村路站 富都广场,李女士,长按识别二维码
L9920,5月9日新高一_校区_蓝村路,李彤,15618029861,初三（2025年中考）,2,【浦东蓝村路】蓝村路站 富都广场,李女士,微信其他入口
L9925,5月9日新高一_校区_蓝村路,胡女士,13524098586,初三（2025年中考）,2,【浦东八佰伴】地铁9号线 商城路站,胡女士,长按识别二维码
L9927,5月9日新高一_校区_江浦路,宋女士,13020260722,初三（2025年中考）,1,【浦东八佰伴】地铁9号线 商城路站,宋女士,长按识别二维码
L9929,5月9日新高一_校区_蓝村路,高女士,13817688823,初三（2025年中考）,1,【浦东蓝村路】蓝村路站 富都广场,高女士,长按识别二维码
L9932,5月9日新高一_总部,张女士,18101896089,初三（2025年中考）,1,【浦东金桥】地铁6号线 金桥路站,张女士,微信其他入口
L9935,5月9日新高一_校区_江浦路,周女士,13816788587,初三（2025年中考）,1,【杨浦江浦路】江浦路1500号(近控江路) 智慧树创意园区,周女士,微信扫一扫
L9937,5月9日新高一_校区_日月光,徐女士,13564320526,初三（2025年中考）,2,【徐汇日月光】漕溪路280号 汇腾广场,徐女士,长按识别二维码
L9939,5月9日新高一_校区_曹杨路,汤女士,18017565775,初三（2025年中考）,1,【普陀曹杨路】中山北路2900号 东方国际元中大厦C座,汤女士,长按识别二维码
L9940,5月9日新高一_校区_五角场,萧慕,15319241070,初三（2025年中考）,2,【杨浦五角场】地铁10号线 江湾体育场站,萧慕,长按识别二维码
L9941,5月9日新高一_校区_江浦路,艳飞,15221622708,初三（2025年中考）,1,【杨浦五角场】地铁10号线 江湾体育场站,艳飞,长按识别二维码
L9943,5月9日新高一_校区_江浦路,秋女士,18930526243,初三（2025年中考）,2,【浦东蓝村路】蓝村路站 富都广场,秋女士,长按识别二维码
L9944,5月9日新高一_校区_江浦路,小何妈,18017762006,初三（2025年中考）,1,【杨浦五角场】地铁10号线 江湾体育场站,小何妈,微信扫一扫
L9945,5月9日新高一_知伴社群,胡同学妈妈,13371955501,初三（2025年中考）,1,【杨浦五角场】地铁10号线 江湾体育场站,胡同学妈妈,长按识别二维码
L9946,5月9日新高一_校区_蓝村路,涵妈,15618398796,初三（2025年中考）,2,【直播课】专属助教答疑督学,晓涵,长按识别二维码
L9948,5月9日新高一_校区_日月光,Annie,13795491346,初三（2025年中考）,1,【徐汇环贸】东湖路9号,Annie,长按识别二维码
L9949,5月9日新高一_校区_江浦路,陈女士,18616535872,初三（2025年中考）,2,【杨浦江浦路】江浦路1500号(近控江路) 智慧树创意园区,陈女士,长按识别二维码
L9950,5月9日新高一_总部,高闻轩,18917333897,初三（2025年中考）,1,【普陀曹杨路】中山北路2900号 东方国际元中大厦C座,高闻轩,微信其他入口
L9952,大众点评,Grace,13564789112,初三（2025年中考）,1,【闵行莲花路】沪闵路7876号 胜富仁大厦,GG,长按识别二维码
L9953,5月9日新高一_校区_江浦路,lili,13916586694,初三（2025年中考）,1,【杨浦五角场】地铁10号线 江湾体育场站,lili,长按识别二维码
L9954,5月9日新高一_校区_曹杨路,陈瑜,13816621283,初三（2025年中考）,1,【普陀曹杨路】中山北路2900号 东方国际元中大厦C座,陈瑜,微信扫一扫
L9955,5月9日新高一_校区_曹杨路,王女士,18621186292,初三（2025年中考）,1,【普陀曹杨路】中山北路2900号 东方国际元中大厦C座,王女士,微信扫一扫
L9956,5月9日新高一_校区_江浦路,郭女士,13817177200,初三（2025年中考）,1,【杨浦江浦路】江浦路1500号(近控江路) 智慧树创意园区,郭女士,长按识别二维码
L9957,5月9日新高一_知伴社群,雯妈,18117283646,初三（2025年中考）,2,【浦东蓝村路】蓝村路站 富都广场,雯妈,长按识别二维码
L9958,5月9日新高一_校区_蓝村路,郭女士,18521301929,初三（2025年中考）,2,【浦东蓝村路】蓝村路站 富都广场,郭家长,微信扫一扫
L9960,5月9日新高一_校区_江浦路,夏紫轩,13916954175,初三（2025年中考）,1,【杨浦江浦路】江浦路1500号(近控江路) 智慧树创意园区,夏紫轩,长按识别二维码
L9961,5月9日新高一_校区_江浦路,李先生,13918307083,初三（2025年中考）,1,【杨浦江浦路】江浦路1500号(近控江路) 智慧树创意园区,李先生,长按识别二维码
L9965,5月9日新高一_校区_江浦路,郑丽群,15902169010,初三（2025年中考）,2,【杨浦江浦路】江浦路1500号(近控江路) 智慧树创意园区,郑丽群,微信扫一扫
L9966,5月9日新高一_品牌,李,18817433325,初一（2027年中考）,2,【直播课】专属助教答疑督学,李,长按识别二维码
L9968,5月9日新高一_品牌,王女士,16628736994,初一（2027年中考）,1,【浦东八佰伴】地铁9号线 商城路站,王女士,长按识别二维码
L9969,5月9日新高一_校区_金桥,吴先生,15316722231,初三（2025年中考）,1,【浦东金桥】地铁6号线 金桥路站,吴,微信扫一扫
L9970,5月9日新高一_总部,梁女士,13661608390,初三（2025年中考）,1,【杨浦江浦路】江浦路1500号(近控江路) 智慧树创意园区,梁女士,微信其他入口
L9971,5月9日新高一_校区_江浦路,秦女士,13918039839,初三（2025年中考）,1,【杨浦江浦路】江浦路1500号(近控江路) 智慧树创意园区,秦风,长按识别二维码
L9972,5月9日新高一_校区_日月光,旖旎,13918293176,初三（2025年中考）,1,【徐汇日月光】漕溪路280号 汇腾广场,旖旎,微信扫一扫
L9973,5月9日新高一_校区_江浦路,梁女士,13661608390,初三（2025年中考）,1,【杨浦江浦路】江浦路1500号(近控江路) 智慧树创意园区,梁女士,长按识别二维码
L9974,5月9日新高一_校区_蓝村路,陶子,13651614585,初三（2025年中考）,1,【浦东八佰伴】地铁9号线 商城路站,陶子,长按识别二维码
L9978,5月9日新高一_校区_蓝村路,郭女士,13774242983,初三（2025年中考）,1,【浦东八佰伴】地铁9号线 商城路站,郭女士,长按识别二维码
L9980,5月9日新高一_校区_蓝村路,陈奇,18516761896,初三（2025年中考）,1,【浦东蓝村路】蓝村路站 富都广场,陈奇,长按识别二维码
L9981,5月9日新高一_总部,周女士,13482440031,初三（2025年中考）,1,【普陀曹杨路】中山北路2900号 东方国际元中大厦C座,周女士,微信其他入口
L9983,5月9日新高一_总部,王小姐,13391150751,初三（2025年中考）,1,【浦东金桥】地铁6号线 金桥路站,王小姐,微信其他入口
L9984,5月9日新高一_校区_蓝村路,沈家,15102188669,初三（2025年中考）,1,【浦东蓝村路】蓝村路站 富都广场,沈家,微信扫一扫
L9986,5月9日新高一_校区_日月光,陈辰妈妈,13917175273,初三（2025年中考）,1,【徐汇日月光】漕溪路280号 汇腾广场,陈辰妈妈,长按识别二维码
L9988,5月9日新高一_校区_日月光,sally,13917418941,初三（2025年中考）,2,【闵行莲花路】沪闵路7876号 胜富仁大厦,sally,长按识别二维码
L9989,5月9日新高一_校区_江浦路,深深,15921033088,初三（2025年中考）,1,【杨浦五角场】地铁10号线 江湾体育场站,深深,长按识别二维码
L9993,5月9日新高一_校区_环贸,刘小姐,13816262055,初二（2026年中考）,1,【徐汇环贸】东湖路9号,刘同学,长按识别二维码
L9995,5月9日新高一_Y,项宪政,15921354533,初一（2027年中考）,2,【浦东蓝村路】蓝村路站 富都广场,项宪政,长按识别二维码
L9996,5月9日新高一_校区_金桥,王小姐,13391150751,初三（2025年中考）,2,【浦东金桥】地铁6号线 金桥路站,王小姐,长按识别二维码
L9997,5月9日新高一_校区_曹杨路,昊昊妈妈,13166012226,初三（2025年中考）,1,【直播课】专属助教答疑督学,昊昊妈妈,长按识别二维码
L9999,5月9日新高一_校区_江浦路,朱家凤,13816968791,初三（2025年中考）,1,【直播课】专属助教答疑督学,朱家凤,微信扫一扫
L10001,5月9日新高一_校区_环贸,董女士,13671881906,初二（2026年中考）,1,【徐汇日月光】漕溪路280号 汇腾广场,董女士,长按识别二维码
L10002,5月9日新高一_总部,诺诺,13685111518,初三（2025年中考）,2,【普陀曹杨路】中山北路2900号 东方国际元中大厦C座,诺诺,微信扫一扫
L10003,5月9日新高一_校区_八佰伴,飞鹰,18616631750,初三（2025年中考）,2,【浦东八佰伴】地铁9号线 商城路站,飞鹰,长按识别二维码
L10004,5月9日新高一_校区_江浦路,相信,16621388186,初三（2025年中考）,1,【杨浦江浦路】江浦路1500号(近控江路) 智慧树创意园区,顾女士,长按识别二维码
L10005,5月9日新高一_校区_蓝村路,陈佳丽,13661633676,初三（2025年中考）,1,【浦东蓝村路】蓝村路站 富都广场,陈佳丽,长按识别二维码
L10007,5月9日新高一_校区_金桥,Paula,13585979682,初三（2025年中考）,1,【浦东金桥】地铁6号线 金桥路站,Paula,长按识别二维码
L10009,5月9日新高一_总部,gesundheit001,13774232511,初三（2025年中考）,1,【直播课】专属助教答疑督学,gesundheit001,长按识别二维码
L10010,5月9日新高一_校区_江浦路,张妈妈,15921438069,初三（2025年中考）,1,【杨浦江浦路】江浦路1500号(近控江路) 智慧树创意园区,张妈妈,微信扫一扫
L10012,5月9日新高一_校区_江浦路,香献给,13817616585,初一（2027年中考）,2,【浦东金桥】地铁6号线 金桥路站,陈香,长按识别二维码
L10013,5月9日新高一_校区_日月光,happy,13501823863,初三（2025年中考）,1,【闵行莲花路】沪闵路7876号 胜富仁大厦,happy,长按识别二维码
L10014,5月9日新高一_校区_日月光,Hera清雅,15900825728,初三（2025年中考）,1,【徐汇日月光】漕溪路280号 汇腾广场,刘,长按识别二维码
L10015,5月9日新高一_渠道_千帆,陈,13761033437,初三（2025年中考）,1,【普陀曹杨路】中山北路2900号 东方国际元中大厦C座,陈,长按识别二维码
L10016,5月9日新高一_知伴社群,杨女士,17701815881,初三（2025年中考）,1,【普陀曹杨路】中山北路2900号 东方国际元中大厦C座,杨女士,微信扫一扫
L10017,5月9日新高一_校区_直播课,方妈妈,18516520905,初三（2025年中考）,1,【浦东蓝村路】蓝村路站 富都广场,李女士,长按识别二维码
L10019,5月9日新高一_校区_曹杨路,李女士,13795297411,初三（2025年中考）,1,【杨浦江浦路】江浦路1500号(近控江路) 智慧树创意园区,李女士,长按识别二维码
L10020,5月9日新高一_校区_江浦路,李靖,18918120270,初三（2025年中考）,1,【杨浦五角场】地铁10号线 江湾体育场站,李靖,长按识别二维码
L10021,5月9日新高一_校区_直播课,李霞,18918207348,初三（2025年中考）,2,【浦东八佰伴】地铁9号线 商城路站,李霞,微信扫一扫
L10022,5月9日新高一_校区_直播课,杨宇轩,13917380701,初三（2025年中考）,2,【浦东八佰伴】地铁9号线 商城路站,葛,长按识别二维码
L10023,5月9日新高一_校区_八佰伴,魏清香,13918563762,初三（2025年中考）,1,【徐汇日月光】漕溪路280号 汇腾广场,魏清香,长按识别二维码
L10024,5月9日新高一_校区_直播课,姚,13917894782,初三（2025年中考）,1,【浦东八佰伴】地铁9号线 商城路站,姚,长按识别二维码
L10025,5月9日新高一_渠道_千帆,顾燕,13512197158,初一（2027年中考）,2,【浦东八佰伴】地铁9号线 商城路站,顾燕,长按识别二维码
L10026,5月9日新高一_渠道_千帆,晓,18930787045,初三（2025年中考）,1,【闵行七宝】地铁9号线七宝站1 汇宝广场,晓,长按识别二维码
L10028,5月9日新高一_校区_环贸,赵Y,15001897762,初三（2025年中考）,1,【徐汇环贸】东湖路9号,赵Y,长按识别二维码
L10029,5月9日新高一_渠道_千帆,顺势,17318291424,初三（2025年中考）,1,【浦东八佰伴】地铁9号线 商城路站,顺势,微信扫一扫
L10030,5月9日新高一_渠道_千帆,唐女士,15821007120,初三（2025年中考）,1,【徐汇日月光】漕溪路280号 汇腾广场,唐女士,长按识别二维码
L10031,5月9日新高一_校区_金桥,lefanxiaobing,13621803319,初三（2025年中考）,1,【杨浦江浦路】江浦路1500号(近控江路) 智慧树创意园区,lefanxiaobing,长按识别二维码
L10032,5月9日新高一_总部,漪冰,13636339611,初三（2025年中考）,1,【杨浦江浦路】江浦路1500号(近控江路) 智慧树创意园区,漪冰,长按识别二维码
L10033,5月9日新高一_校区_曹杨路, Wei,13917438212,初三（2025年中考）,1,【普陀曹杨路】中山北路2900号 东方国际元中大厦C座,朱,长按识别二维码
L10034,5月9日新高一_校区_曹杨路,婷雯,18055378326,初三（2025年中考）,1,【普陀曹杨路】中山北路2900号 东方国际元中大厦C座,张,微信扫一扫
L10035,5月9日新高一_知伴社群,Summer,13816361192,初三（2025年中考）,2,【直播课】专属助教答疑督学,Summer,长按识别二维码
L10036,5月9日新高一_校区_曹杨路,鱼儿妈,19901798719,初三（2025年中考）,1,【直播课】专属助教答疑督学,鱼儿妈,长按识别二维码
L10037,5月9日新高一_渠道_千帆,王女士,13641857751,初三（2025年中考）,1,【浦东蓝村路】蓝村路站 富都广场,王女士,长按识别二维码
L10039,5月9日新高一_校区_直播课,夏至,17717533993,初三（2025年中考）,2,【浦东八佰伴】地铁9号线 商城路站,夏至,长按识别二维码
L10040,5月9日新高一_校区_曹杨路,王丽丽,13402132166,初三（2025年中考）,2,【普陀曹杨路】中山北路2900号 东方国际元中大厦C座,王丽丽,长按识别二维码
L10041,5月9日新高一_校区_环贸,陈女士,13501908336,初三（2025年中考）,1,【徐汇环贸】东湖路9号,陈女士,微信扫一扫
L10042,5月9日新高一_校区_日月光,徐小姐,13918679229,初三（2025年中考）,2,【浦东八佰伴】地铁9号线 商城路站,徐小姐,长按识别二维码
L10043,5月9日新高一_校区_八佰伴,张先生,18917976373,初三（2025年中考）,2,【直播课】专属助教答疑督学,五月,长按识别二维码
L10044,5月9日新高一_校区_蓝村路,许女士,18913237421,初三（2025年中考）,1,【浦东蓝村路】蓝村路站 富都广场,许女士,长按识别二维码
L10045,5月9日新高一_校区_八佰伴,王,13818015825,初三（2025年中考）,1,【直播课】专属助教答疑督学,王,长按识别二维码
L10046,5月9日新高一_校区_江浦路,吕,18916656095,初三（2025年中考）,1,【杨浦五角场】地铁10号线 江湾体育场站,吕,长按识别二维码
L10047,5月9日新高一_校区_蓝村路,杰,18621591833,初三（2025年中考）,1,【浦东蓝村路】蓝村路站 富都广场,杰,长按识别二维码
L10048,5月9日新高一_校区_莲花路,耿先生,18621660776,初三（2025年中考）,1,【闵行莲花路】沪闵路7876号 胜富仁大厦,耿先生,长按识别二维码
L10049,5月9日新高一_校区_蓝村路,jill,13916538735,初三（2025年中考）,1,【浦东蓝村路】蓝村路站 富都广场,jill,微信扫一扫
L10050,5月9日新高一_校区_江浦路,桑长春,13801809228,初三（2025年中考）,1,【杨浦五角场】地铁10号线 江湾体育场站,桑长春,微信扫一扫
L10051,5月9日新高一_校区_七宝,莫莫,18121008829,初三（2025年中考）,1,【闵行七宝】地铁9号线七宝站1 汇宝广场,莫莫,长按识别二维码
L10052,5月9日新高一_校区_七宝,严女士,13122893311,初三（2025年中考）,1,【闵行七宝】地铁9号线七宝站1 汇宝广场,人生,长按识别二维码
L10053,5月9日新高一_校区_日月光,冬冬妈妈,13761068802,初三（2025年中考）,2,【徐汇日月光】漕溪路280号 汇腾广场,冬冬妈妈,长按识别二维码
L10054,5月9日新高一_校区_八佰伴,贾女士,18621266969,初三（2025年中考）,1,【闵行七宝】地铁9号线七宝站1 汇宝广场,贾女士,长按识别二维码
L10055,5月9日新高一_校区_蓝村路,小位,13817983216,初三（2025年中考）,1,【直播课】专属助教答疑督学,小位,长按识别二维码
L10056,5月9日新高一_校区_七宝,薛玲玲,13585509812,初三（2025年中考）,1,【闵行七宝】地铁9号线七宝站1 汇宝广场,薛玲玲,长按识别二维码
L10057,5月9日新高一_校区_江浦路,魏先生,18621119180,初三（2025年中考）,1,【杨浦江浦路】江浦路1500号(近控江路) 智慧树创意园区,魏先生,长按识别二维码
L10058,5月9日新高一_校区_七宝,球球,13817170907,初三（2025年中考）,1,【闵行七宝】地铁9号线七宝站1 汇宝广场,球球,长按识别二维码
L10059,5月9日新高一_校区_曹杨路,谢女士,13916719553,初三（2025年中考）,1,【普陀曹杨路】中山北路2900号 东方国际元中大厦C座,谢女士,长按识别二维码
L10062,5月9日新高一_校区_七宝,姚盛涵妈妈,18918286511,初三（2025年中考）,1,【闵行七宝】地铁9号线七宝站1 汇宝广场,姚盛涵,长按识别二维码
L10063,5月9日新高一_总部,Joyce,18516200338,初三（2025年中考）,2,【浦东金桥】地铁6号线 金桥路站,Joyce,长按识别二维码
L10065,5月9日新高一_总部,王煦,18521410515,初三（2025年中考）,1,【浦东蓝村路】蓝村路站 富都广场,王煦,长按识别二维码
L10067,5月9日新高一_总部,龚女士,13817683814,初三（2025年中考）,1,【浦东八佰伴】地铁9号线 商城路站,龚女士,长按识别二维码
L10068,5月9日新高一_校区_曹杨路,卡哇伊豌豆,13601601550,初三（2025年中考）,1,【直播课】专属助教答疑督学,卡哇伊豌豆,长按识别二维码
L10070,5月9日新高一_校区_环贸,安心,13774249003,初三（2025年中考）,1,【徐汇环贸】东湖路9号,安心,长按识别二维码
L10072,5月9日新高一_校区_曹杨路,Amy,13023238353,初三（2025年中考）,1,【普陀曹杨路】中山北路2900号 东方国际元中大厦C座,Amy,长按识别二维码
L10073,5月9日新高一_校区_江浦路,刘先生,13501916425,初三（2025年中考）,1,【杨浦江浦路】江浦路1500号(近控江路) 智慧树创意园区,刘先生,微信扫一扫
L10074,5月9日新高一_校区_日月光,星辰,13681931121,初三（2025年中考）,1,【直播课】专属助教答疑督学,星辰,长按识别二维码
L10076,5月9日新高一_校区_日月光,LYQ,15921968437,初三（2025年中考）,2,【徐汇日月光】漕溪路280号 汇腾广场,LYQ,长按识别二维码
L10077,5月9日新高一_总部,莹莹妈妈,17612159664,初三（2025年中考）,1,【直播课】专属助教答疑督学,莹莹妈妈,微信其他入口
L10078,5月9日新高一_校区_曹杨路,陈明哲妈妈,15800304866,初三（2025年中考）,2,【普陀曹杨路】中山北路2900号 东方国际元中大厦C座,陈明哲妈妈,长按识别二维码
L10079,5月9日新高一_校区_曹杨路,顾女士,13661467133,初三（2025年中考）,1,【普陀曹杨路】中山北路2900号 东方国际元中大厦C座,顾女士,长按识别二维码
L10080,5月9日新高一_校区_曹杨路,AlexSW,18918733935,初三（2025年中考）,1,【普陀曹杨路】中山北路2900号 东方国际元中大厦C座,AlexSW,长按识别二维码
L10082,5月9日新高一_校区_日月光,邢先生,17717684292,初三（2025年中考）,1,【徐汇日月光】漕溪路280号 汇腾广场,邢先生,长按识别二维码
L10083,5月9日新高一_校区_八佰伴,付,18691056881,初三（2025年中考）,2,【浦东八佰伴】地铁9号线 商城路站,付,长按识别二维码
L10084,5月9日新高一_校区_蓝村路,薇好,13818606672,初三（2025年中考）,1,【直播课】专属助教答疑督学,薇好,微信扫一扫
L10085,5月9日新高一_校区_莲花路,陈,13917581680,初二（2026年中考）,2,【闵行莲花路】沪闵路7876号 胜富仁大厦,colin,长按识别二维码
L10086,5月9日新高一_校区_蓝村路,江妈,18621122168,初三（2025年中考）,1,【浦东八佰伴】地铁9号线 商城路站,江妈,长按识别二维码
L10088,5月9日新高一_知伴社群,小燕子,18621182290,初三（2025年中考）,1,【普陀曹杨路】中山北路2900号 东方国际元中大厦C座,小燕子,长按识别二维码
L10089,5月9日新高一_校区_莲花路,张涵瑞,15162119555,初三（2025年中考）,2,【闵行莲花路】沪闵路7876号 胜富仁大厦,张涵瑞,长按识别二维码
L10091,5月9日新高一_校区_蓝村路,蔡弈辰妈妈,18621267703,初三（2025年中考）,2,【浦东金桥】地铁6号线 金桥路站,蔡弈辰妈妈,长按识别二维码
L10092,5月9日新高一_校区_蓝村路,Kathy,13816262068,初三（2025年中考）,1,【浦东八佰伴】地铁9号线 商城路站,Kathy,长按识别二维码
L10093,5月9日新高一_总部,谢女士,13916719553,初三（2025年中考）,1,【普陀曹杨路】中山北路2900号 东方国际元中大厦C座,谢女士,长按识别二维码
L10094,5月9日新高一_校区_日月光,雷,15021332547,初三（2025年中考）,1,【徐汇日月光】漕溪路280号 汇腾广场,雷,微信其他入口
L10095,5月9日新高一_校区_蓝村路,乐在其中,18918924825,初三（2025年中考）,2,【浦东八佰伴】地铁9号线 商城路站,乐在其中,长按识别二维码
L10096,5月9日新高一_渠道_千帆,李小姐,18149789651,初二（2026年中考）,1,【闵行莲花路】沪闵路7876号 胜富仁大厦,李小姐,长按识别二维码
L10099,5月9日新高一_校区_江浦路,黄昊青妈妈,13916748890,初三（2025年中考）,1,【杨浦江浦路】江浦路1500号(近控江路) 智慧树创意园区,黄昊青妈妈,长按识别二维码
L10100,5月9日新高一_校区_蓝村路,李卓群妈妈,13361919989,初三（2025年中考）,1,【浦东八佰伴】地铁9号线 商城路站,李卓群妈妈,长按识别二维码
L10101,5月9日新高一_校区_蓝村路,A 一涨解千愁- YY,18012755060,初三（2025年中考）,2,【直播课】专属助教答疑督学,徐女士,长按识别二维码
L10102,5月9日新高一_总部,COO&RIKU空陸宠物,18930143707,初三（2025年中考）,1,【直播课】专属助教答疑督学,COO&RIKU空陸宠物,长按识别二维码
L10103,5月9日新高一_校区_江浦路,贝,13818396390,初三（2025年中考）,2,【普陀曹杨路】中山北路2900号 东方国际元中大厦C座,贝,长按识别二维码
L10104,5月9日新高一_校区_莲花路,Amy,18217341090,初三（2025年中考）,1,【闵行莲花路】沪闵路7876号 胜富仁大厦,Amy,长按识别二维码
L10105,5月9日新高一_校区_八佰伴,wenhl,13816778297,初三（2025年中考）,1,【浦东八佰伴】地铁9号线 商城路站,闻宏亮,长按识别二维码
L10106,5月9日新高一_渠道_千帆,终要天亮,18502115373,其他,1,【闵行七宝】地铁9号线七宝站1 汇宝广场,终要天亮,长按识别二维码
L10107,5月9日新高一_校区_日月光,吴女士,18001771079,初三（2025年中考）,2,【徐汇日月光】漕溪路280号 汇腾广场,吴女士,长按识别二维码
L10109,5月9日新高一_校区_江浦路,张洁丽Jenny,13764257606,初三（2025年中考）,1,【徐汇环贸】东湖路9号,张洁丽Jenny,长按识别二维码
L10110,5月9日新高一_校区_蓝村路,费先生,13901793815,初三（2025年中考）,1,【浦东蓝村路】蓝村路站 富都广场,费先生,长按识别二维码
L10111,5月9日新高一_校区_八佰伴,李艳妮,15618691382,初三（2025年中考）,1,【直播课】专属助教答疑督学,李女士,长按识别二维码
L10112,5月9日新高一_校区_蓝村路,夏女士,13120953534,初三（2025年中考）,1,【浦东八佰伴】地铁9号线 商城路站,夏女士,长按识别二维码
L10113,5月9日新高一_校区_蓝村路,Jessie ,13681899266,初三（2025年中考）,2,【浦东蓝村路】蓝村路站 富都广场,Jessie ,长按识别二维码
L10114,5月9日新高一_总部,东哥,18916666396,初三（2025年中考）,2,【闵行七宝】地铁9号线七宝站1 汇宝广场,东哥,长按识别二维码
L10115,5月9日新高一_渠道_千帆,姜先生,13611826176,初三（2025年中考）,1,【徐汇日月光】漕溪路280号 汇腾广场,姜先生,长按识别二维码
L10116,5月9日新高一_校区_莲花路,许妈妈,18217093110,初三（2025年中考）,1,【闵行莲花路】沪闵路7876号 胜富仁大厦,许妈妈,长按识别二维码
L10118,5月9日新高一_总部,张女士,13918311868,初三（2025年中考）,2,【浦东蓝村路】蓝村路站 富都广场,张女士,微信其他入口
L10119,5月9日新高一_校区_五角场,MY,13611753564,初三（2025年中考）,1,【杨浦五角场】地铁10号线 江湾体育场站,MY,长按识别二维码
L10121,5月9日新高一_校区_曹杨路,赵,13651740841,初三（2025年中考）,1,【普陀曹杨路】中山北路2900号 东方国际元中大厦C座,赵,长按识别二维码
L10125,5月9日新高一_总部,两面都硬,18917786750,初三（2025年中考）,1,【直播课】专属助教答疑督学,两面都硬,长按识别二维码
L10126,5月9日新高一_校区_蓝村路,朱骁骏,13916071626,初三（2025年中考）,2,【浦东金桥】地铁6号线 金桥路站,朱骁骏,长按识别二维码
L10127,5月9日新高一_校区_莲花路,陈女士,18621938541,初三（2025年中考）,1,【徐汇日月光】漕溪路280号 汇腾广场,陈女士,长按识别二维码
L10128,5月9日新高一_总部,decade,18321673272,初三（2025年中考）,1,【直播课】专属助教答疑督学,decade,长按识别二维码
L10130,5月9日新高一_校区_直播课,zy,18621838520,初三（2025年中考）,1,【直播课】专属助教答疑督学,zy,长按识别二维码
L10131,5月9日新高一_校区_莲花路,陈,13788915877,初三（2025年中考）,1,【杨浦五角场】地铁10号线 江湾体育场站,陈,长按识别二维码
L10132,5月9日新高一_校区_莲花路,从从,13585779259,初三（2025年中考）,1,【闵行莲花路】沪闵路7876号 胜富仁大厦,从从,长按识别二维码
L10133,5月9日新高一_总部,呵呵,13524388157,初三（2025年中考）,1,【普陀曹杨路】中山北路2900号 东方国际元中大厦C座,呵呵,微信其他入口
L10135,5月9日新高一_校区_曹杨路,谭女士,15821763519,初三（2025年中考）,1,【普陀曹杨路】中山北路2900号 东方国际元中大厦C座,谭女士,长按识别二维码
L10136,5月9日新高一_校区_蓝村路,郑先生,13817871844,初三（2025年中考）,1,【浦东蓝村路】蓝村路站 富都广场,郑先森,长按识别二维码
L10137,5月9日新高一_校区_八佰伴,胡女士,13916158591,初三（2025年中考）,1,【浦东八佰伴】地铁9号线 商城路站,胡女士,长按识别二维码
L10138,5月9日新高一_校区_莲花路,张静,17321250991,初三（2025年中考）,1,【徐汇日月光】漕溪路280号 汇腾广场,豆妈,长按识别二维码
L10139,5月9日新高一_校区_直播课,王妈妈,13564324639,初三（2025年中考）,2,【直播课】专属助教答疑督学,王妈妈,长按识别二维码
L10140,5月9日新高一_品牌,小zin,13917735050,初三（2025年中考）,1,【普陀曹杨路】中山北路2900号 东方国际元中大厦C座,汇女士,长按识别二维码
L10141,5月9日新高一_校区_莲花路,张静,18217368497,初三（2025年中考）,1,【闵行莲花路】沪闵路7876号 胜富仁大厦,豆妈,长按识别二维码
L10142,5月9日新高一_渠道_魔都升学圈,高小姐,13764318608,初三（2025年中考）,2,【浦东蓝村路】蓝村路站 富都广场,高小姐,长按识别二维码
L10143,5月9日新高一_总部,小毛妈妈,13816958186,初三（2025年中考）,1,【普陀曹杨路】中山北路2900号 东方国际元中大厦C座,小毛妈妈,长按识别二维码
L10144,5月9日新高一_渠道_魔都升学圈,安,13661698901,初三（2025年中考）,1,【浦东蓝村路】蓝村路站 富都广场,安,长按识别二维码
L10146,5月9日新高一_校区_八佰伴,李女士,15800503548,初三（2025年中考）,2,【浦东蓝村路】蓝村路站 富都广场,李女士,长按识别二维码
L10147,5月9日新高一_渠道_知伴1,王,13917870733,初三（2025年中考）,1,【直播课】专属助教答疑督学,王,长按识别二维码
L10148,5月9日新高一_渠道_知伴1,王,13901646343,初三（2025年中考）,2,【浦东金桥】地铁6号线 金桥路站,王女士,长按识别二维码
L10149,5月9日新高一_校区_江浦路,梁女士,13917374809,初三（2025年中考）,2,【杨浦江浦路】江浦路1500号(近控江路) 智慧树创意园区,梁女士,长按识别二维码
L10150,5月9日新高一_渠道_知伴1,单女士,15801989471,初一（2027年中考）,1,【闵行七宝】地铁9号线七宝站1 汇宝广场,单女士,长按识别二维码
L10151,5月9日新高一_校区_莲花路,一扇窗,13917642830,初三（2025年中考）,2,【闵行莲花路】沪闵路7876号 胜富仁大厦,常女士,长按识别二维码
L10152,5月9日新高一_渠道_知伴1,王先生,13917678804,初二（2026年中考）,1,【浦东金桥】地铁6号线 金桥路站,王佐,长按识别二维码
L10154,5月9日新高一_渠道_魔都升学圈,Lillian ,18016394408,初三（2025年中考）,2,【浦东金桥】地铁6号线 金桥路站,Lillian,长按识别二维码
L10155,5月9日新高一_渠道_魔都升学圈,一抹绿色,13774364221,初三（2025年中考）,1,【直播课】专属助教答疑督学,一抹绿色,长按识别二维码
L10156,5月9日新高一_校区_江浦路,阿魏,13818396687,初三（2025年中考）,1,【杨浦江浦路】江浦路1500号(近控江路) 智慧树创意园区,阿魏,长按识别二维码
L10160,5月9日新高一_校区_金桥,于蓝,15821279297,初三（2025年中考）,2,【浦东金桥】地铁6号线 金桥路站,于蓝,长按识别二维码
L10161,5月9日新高一_总部,张婷,18621957036,初三（2025年中考）,1,【闵行莲花路】沪闵路7876号 胜富仁大厦,张婷,长按识别二维码
L10164,5月9日新高一_渠道_知伴1,艾达,13564726468,初三（2025年中考）,2,【浦东蓝村路】蓝村路站 富都广场,艾达,长按识别二维码
L10165,5月9日新高一_渠道_知伴1,张,18217031805,初三（2025年中考）,2,【浦东八佰伴】地铁9号线 商城路站,张,长按识别二维码
L10166,5月9日新高一_渠道_知伴1,董,13501698267,初三（2025年中考）,1,【杨浦江浦路】江浦路1500号(近控江路) 智慧树创意园区,董,长按识别二维码
L10174,5月9日新高一_总部,米女士,13918859319,初二（2026年中考）,1,【直播课】专属助教答疑督学,米女士,长按识别二维码
L10182,5月9日新高一_校区_曹杨路,吕女士,13917552487,初三（2025年中考）,2,【普陀曹杨路】中山北路2900号 东方国际元中大厦C座,吕女士,长按识别二维码
L10185,5月9日新高一_校区_曹杨路,陈女士,13524614022,初三（2025年中考）,1,【普陀曹杨路】中山北路2900号 东方国际元中大厦C座,陈女士,长按识别二维码
L10191,5月9日新高一_校区_曹杨路,Xu,13166490225,初三（2025年中考）,2,【普陀曹杨路】中山北路2900号 东方国际元中大厦C座,Xu,长按识别二维码
L10193,5月9日新高一_校区_日月光,顾女士,13818686386,初三（2025年中考）,1,【徐汇日月光】漕溪路280号 汇腾广场,顾女士,长按识别二维码
L10194,5月9日新高一_校区_蓝村路,王女士,13917273991,初三（2025年中考）,1,【浦东蓝村路】蓝村路站 富都广场,替替大王,长按识别二维码
L10210,5月9日新高一_渠道_知伴1,郑女士,18616790588,初一（2027年中考）,1,【闵行莲花路】沪闵路7876号 胜富仁大厦,郑女士,长按识别二维码
L10221,5月9日新高一_校区_曹杨路,朱俊宇,18117257109,初三（2025年中考）,2,【直播课】专属助教答疑督学,朱俊宇,长按识别二维码
L10228,5月9日新高一_校区_曹杨路,rise,15601830962,初三（2025年中考）,1,【直播课】专属助教答疑督学,rise,长按识别二维码
L10231,5月9日新高一_渠道_知伴1,潘女士,18916017884,初三（2025年中考）,1,【普陀曹杨路】中山北路2900号 东方国际元中大厦C座,潘女士,长按识别二维码
L10234,5月9日新高一_总部,石老师,13801768104,初三（2025年中考）,1,【杨浦五角场】地铁10号线 江湾体育场站,石女士,微信其他入口
L10236,5月9日新高一_总部,陆女士,15921842613,初三（2025年中考）,2,【浦东蓝村路】蓝村路站 富都广场,陆女士,微信其他入口
L10240,5月9日新高一_总部,陶陶,18516150407,初三（2025年中考）,1,【浦东八佰伴】地铁9号线 商城路站,陶陶,长按识别二维码
L10241,5月9日新高一_总部,点点点,15800980821,初三（2025年中考）,1,【浦东蓝村路】蓝村路站 富都广场,点点点,长按识别二维码
L10242,5月9日新高一_校区_蓝村路,何先生,13585583028,初三（2025年中考）,1,【浦东蓝村路】蓝村路站 富都广场,何雨轩,长按识别二维码
L10243,5月9日新高一_总部,孙,18616609186,初三（2025年中考）,2,【浦东金桥】地铁6号线 金桥路站,孙,长按识别二维码
L10246,5月9日新高一_校区_曹杨路,呵呵,13524388157,初三（2025年中考）,1,【普陀曹杨路】中山北路2900号 东方国际元中大厦C座,呵呵,长按识别二维码
L10247,5月9日新高一_总部,Jay,13917037557,初三（2025年中考）,1,【徐汇日月光】漕溪路280号 汇腾广场,Jay,长按识别二维码
L10248,5月9日新高一_总部,盛先生,17765179688,初三（2025年中考）,2,【浦东蓝村路】蓝村路站 富都广场,盛先生,长按识别二维码
L10249,5月9日新高一_总部,吴先生,13818083704,初三（2025年中考）,1,【徐汇日月光】漕溪路280号 汇腾广场,Lenny,长按识别二维码
L10250,5月9日新高一_校区_环贸,张,13817368799,初三（2025年中考）,1,【徐汇环贸】东湖路9号,张家长,长按识别二维码
L10251,5月9日新高一_渠道_知伴1,孙女士,15800345767,初三（2025年中考）,2,【直播课】专属助教答疑督学,孙女士,长按识别二维码
L10252,5月9日新高一_总部,Connie,13818182519,初三（2025年中考）,1,【徐汇环贸】东湖路9号,楚女士,长按识别二维码
L10253,5月9日新高一_总部,常先生,13816378772,初二（2026年中考）,1,【直播课】专属助教答疑督学,常先生,长按识别二维码
L10254,5月9日新高一_总部,蓓蕾,13918269900,初三（2025年中考）,1,【浦东蓝村路】蓝村路站 富都广场,蓓蕾,长按识别二维码
L10255,5月9日新高一_校区_江浦路,丁丁,13816475651,初三（2025年中考）,1,【直播课】专属助教答疑督学,丁丁,长按识别二维码
L10256,5月9日新高一_校区_莲花路,宋,18001817407,初三（2025年中考）,1,【闵行莲花路】沪闵路7876号 胜富仁大厦,宋,长按识别二维码
L10258,5月9日新高一_校区_蓝村路,向向,18616594791,初三（2025年中考）,1,【徐汇环贸】东湖路9号,向向,长按识别二维码
L10259,5月9日新高一_渠道_知伴1,许,13524037752,初三（2025年中考）,2,【浦东蓝村路】蓝村路站 富都广场,许,长按识别二维码
L10260,5月9日新高一_总部,Vicky,18616648412,初三（2025年中考）,1,【普陀曹杨路】中山北路2900号 东方国际元中大厦C座,Vicky,长按识别二维码
L10261,5月9日新高一_校区_七宝,魏子鑫妈妈,18939767763,初三（2025年中考）,1,【闵行七宝】地铁9号线七宝站1 汇宝广场,魏子鑫妈妈,长按识别二维码
L10263,5月9日新高一_校区_蓝村路,Hope Sprouting,13585853127,初三（2025年中考）,2,【浦东蓝村路】蓝村路站 富都广场,Hope Sprouting,长按识别二维码
L10264,5月9日新高一_校区_莲花路,郭女士,18516231156,初三（2025年中考）,1,【闵行七宝】地铁9号线七宝站1 汇宝广场,guo,长按识别二维码
L10265,5月9日新高一_校区_日月光,殷悦栋,18602112277,初三（2025年中考）,1,【徐汇日月光】漕溪路280号 汇腾广场,殷悦栋,长按识别二维码
L10266,5月9日新高一_校区_莲花路,guo,13816787997,初三（2025年中考）,1,【直播课】专属助教答疑督学,guo,长按识别二维码
L10267,5月9日新高一_渠道_千帆,余圆圆妈妈,13816658917,初一（2027年中考）,1,【杨浦五角场】地铁10号线 江湾体育场站,余圆圆妈妈,长按识别二维码
L10268,5月9日新高一_校区_日月光,张女士,13817943353,初三（2025年中考）,1,【徐汇日月光】漕溪路280号 汇腾广场,张女士,长按识别二维码
L10270,5月9日新高一_总部,张,13917833269,初三（2025年中考）,1,【浦东蓝村路】蓝村路站 富都广场,张,长按识别二维码
L10271,5月9日新高一_校区_江浦路,lwz,17898821370,初三（2025年中考）,1,【杨浦江浦路】江浦路1500号(近控江路) 智慧树创意园区,李,长按识别二维码
L10272,5月9日新高一_渠道_知伴1,朱颖茴,13901841683,初三（2025年中考）,2,【杨浦五角场】地铁10号线 江湾体育场站,朱颖茴,长按识别二维码
L10273,5月9日新高一_总部,Tina,18918965292,初三（2025年中考）,1,【浦东蓝村路】蓝村路站 富都广场,Tina,微信其他入口
L10274,5月9日新高一_渠道_知伴1,焦,18001814386,初三（2025年中考）,2,【徐汇日月光】漕溪路280号 汇腾广场,焦,微信其他入口
L10276,5月9日新高一_总部,summerforever,13816635619,初三（2025年中考）,2,【浦东八佰伴】地铁9号线 商城路站,周小姐,微信其他入口
L10277,5月9日新高一_总部,张女士,15921010256,初三（2025年中考）,2,【直播课】专属助教答疑督学,张女士,长按识别二维码
L10278,5月9日新高一_校区_曹杨路,谢,18918851207,初三（2025年中考）,2,【普陀曹杨路】中山北路2900号 东方国际元中大厦C座,谢,长按识别二维码
L10279,5月9日新高一_校区_日月光,焦,18001814386,初三（2025年中考）,2,【徐汇日月光】漕溪路280号 汇腾广场,焦,长按识别二维码
L10284,5月9日新高一_校区_日月光,马语优,13901643988,初三（2025年中考）,1,【徐汇日月光】漕溪路280号 汇腾广场,马语优,长按识别二维码
L10288,5月9日新高一_总部,Alen,15601864990,初三（2025年中考）,2,【浦东蓝村路】蓝村路站 富都广场,Alen,长按识别二维码
L10289,5月9日新高一_校区_蓝村路,李女士,13761098322,初三（2025年中考）,1,【浦东蓝村路】蓝村路站 富都广场,李女士,长按识别二维码
L10290,5月9日新高一_校区_七宝,淘,13651682437,初三（2025年中考）,1,【闵行七宝】地铁9号线七宝站1 汇宝广场,王小姐,长按识别二维码
L10295,5月9日新高一_总部,孙利,13681981775,初三（2025年中考）,1,【杨浦江浦路】江浦路1500号(近控江路) 智慧树创意园区,孙利,长按识别二维码
L10296,5月9日新高一_校区_莲花路, ѕυммєя ,13816929382,初三（2025年中考）,2,【徐汇日月光】漕溪路280号 汇腾广场, ѕυммєя ,长按识别二维码
L10298,5月9日新高一_总部,林小玉,18561953607,初一（2027年中考）,1,【闵行七宝】地铁9号线七宝站1 汇宝广场,林女士,长按识别二维码
L10299,5月9日新高一_总部,小慧,15601817616,初三（2025年中考）,2,【直播课】专属助教答疑督学,小慧,微信其他入口
L10300,5月9日新高一_总部,张女士,15102159006,初三（2025年中考）,2,【浦东蓝村路】蓝村路站 富都广场,张女士,长按识别二维码
L10301,5月9日新高一_校区_莲花路,阿丽,18621236677,初三（2025年中考）,2,【闵行莲花路】沪闵路7876号 胜富仁大厦,阿丽,从相册选取二维码
L10302,5月9日新高一_总部,宁宁,13816117859,初三（2025年中考）,1,【浦东金桥】地铁6号线 金桥路站,宁宁,长按识别二维码
L10303,5月9日新高一_校区_蓝村路,张女士,15102159006,初三（2025年中考）,2,【浦东八佰伴】地铁9号线 商城路站,张女士,长按识别二维码
L10304,5月9日新高一_总部,Jenny,18121306886,初三（2025年中考）,1,【闵行莲花路】沪闵路7876号 胜富仁大厦,Jenny,长按识别二维码
L10306,5月9日新高一_总部,沈,18017886646,初三（2025年中考）,1,【闵行莲花路】沪闵路7876号 胜富仁大厦,沈,微信其他入口
L10307,5月9日新高一_总部,杨,18516120323,初三（2025年中考）,1,【闵行莲花路】沪闵路7876号 胜富仁大厦,杨,微信其他入口
L10310,5月9日新高一_数学王老师,Joye,13818801195,初二（2026年中考）,1,【浦东八佰伴】地铁9号线 商城路站,穆剑英,长按识别二维码
L10311,5月9日新高一_总部,bobo,13611733107,初二（2026年中考）,2,【徐汇环贸】东湖路9号,bobo,长按识别二维码
L10314,5月9日新高一_校区_蓝村路,JIN,13916746926,初三（2025年中考）,1,【浦东八佰伴】地铁9号线 商城路站,刘女士,长按识别二维码
L10315,5月9日新高一_校区_日月光,佳燕 Jin,13917729701,初二（2026年中考）,1,【闵行莲花路】沪闵路7876号 胜富仁大厦,杨恩泽,长按识别二维码
L10316,5月9日新高一_渠道_知伴1,Jessie,15000705931,初三（2025年中考）,1,【直播课】专属助教答疑督学,Jessie,微信扫一扫
L10317,5月9日新高一_总部,吴,13761356248,初三（2025年中考）,1,【徐汇日月光】漕溪路280号 汇腾广场,吴,长按识别二维码
L10319,5月9日新高一_总部,燕,13816684159,初三（2025年中考）,2,【徐汇环贸】东湖路9号,燕,长按识别二维码
L10320,5月9日新高一_总部,shenlinlin,13761683806,初三（2025年中考）,1,【直播课】专属助教答疑督学,shenlinlin,长按识别二维码
L10321,5月9日新高一_总部,程,13817169439,初三（2025年中考）,1,【闵行莲花路】沪闵路7876号 胜富仁大厦,程,长按识别二维码
L10322,5月9日新高一_总部,法兰没克,13916630375,初三（2025年中考）,1,【普陀曹杨路】中山北路2900号 东方国际元中大厦C座,法兰没克,长按识别二维码
L10323,5月9日新高一_总部,韩女士,17316597075,初三（2025年中考）,1,【徐汇环贸】东湖路9号,韩女士,长按识别二维码
L10324,5月9日新高一_校区_日月光,宋女士,19145444295,初三（2025年中考）,1,【徐汇日月光】漕溪路280号 汇腾广场,宋女士,长按识别二维码
L10325,5月9日新高一_渠道_魔都升学圈,张宁宁,13917310857,初三（2025年中考）,1,【浦东蓝村路】蓝村路站 富都广场,张女士,长按识别二维码
L10326,5月9日新高一_总部,庄女士,13917755478,初三（2025年中考）,1,【杨浦五角场】地铁10号线 江湾体育场站,庄女士,长按识别二维码
L10327,5月9日新高一_总部,倪女生,13564190899,初三（2025年中考）,1,【徐汇日月光】漕溪路280号 汇腾广场,倪女生,长按识别二维码
L10328,5月9日新高一_校区_蓝村路,张宁宁,13917310857,初三（2025年中考）,1,【浦东蓝村路】蓝村路站 富都广场,张女士,长按识别二维码
L10329,5月9日新高一_渠道_知伴1,陈女士,13636598805,初三（2025年中考）,2,【直播课】专属助教答疑督学,陈女士,长按识别二维码
L10330,5月9日新高一_总部,mag,13817187306,初三（2025年中考）,2,【直播课】专属助教答疑督学,mag,长按识别二维码
L10333,5月9日新高一_校区_七宝,钢材城海鲜13918451368,13918451368,初三（2025年中考）,1,【闵行七宝】地铁9号线七宝站1 汇宝广场,钢材城海鲜13918451368,长按识别二维码
L10337,5月9日新高一_总部,心向阳光,15618913897,初三（2025年中考）,1,【直播课】专属助教答疑督学,心向阳光,长按识别二维码
L10339,5月9日新高一_校区_莲花路,程,13817169439,初三（2025年中考）,1,【闵行莲花路】沪闵路7876号 胜富仁大厦,程,长按识别二维码
L10343,5月9日新高一_总部,焦先生,15216885611,初三（2025年中考）,2,【闵行莲花路】沪闵路7876号 胜富仁大厦,焦先生,长按识别二维码
L10344,5月9日新高一_校区_金桥,栗子,18918790266,初三（2025年中考）,1,【浦东金桥】地铁6号线 金桥路站,栗子,长按识别二维码
L10347,5月9日新高一_校区_曹杨路,朱小姐,13918064020,初三（2025年中考）,1,【普陀曹杨路】中山北路2900号 东方国际元中大厦C座,朱小姐,长按识别二维码
L10348,5月9日新高一_校区_曹杨路,ZXL,13621730164,初三（2025年中考）,2,【普陀曹杨路】中山北路2900号 东方国际元中大厦C座,ZXL,长按识别二维码
L10349,5月9日新高一_校区_莲花路,于小鱼,18916067325,初三（2025年中考）,1,【闵行莲花路】沪闵路7876号 胜富仁大厦,于小鱼,长按识别二维码
L10350,5月9日新高一_总部,晓丹,13761443162,初三（2025年中考）,1,【直播课】专属助教答疑督学,晓丹,微信扫一扫
L10355,5月9日新高一_校区_莲花路,林楸哲,15821572709,初三（2025年中考）,1,【闵行莲花路】沪闵路7876号 胜富仁大厦,林楸哲,长按识别二维码
L10356,5月9日新高一_渠道_知伴1,魏先生,13361977995,初三（2025年中考）,1,【闵行七宝】地铁9号线七宝站1 汇宝广场,魏先生,长按识别二维码
L10358,5月9日新高一_校区_金桥,妞妈,15800409917,初三（2025年中考）,1,【浦东八佰伴】地铁9号线 商城路站,王女士,从相册选取二维码
L10359,5月9日新高一_总部,Zoey,15900799567,初三（2025年中考）,1,【闵行七宝】地铁9号线七宝站1 汇宝广场,Zoey,微信其他入口
L10362,5月9日新高一_校区_江浦路,住家猫咪MS,13671811989,初三（2025年中考）,1,【杨浦江浦路】江浦路1500号(近控江路) 智慧树创意园区,住家猫咪MS????,长按识别二维码
L10363,5月9日新高一_校区_金桥,吴洁 ,13564657266,初三（2025年中考）,1,【普陀曹杨路】中山北路2900号 东方国际元中大厦C座,吴洁 ,长按识别二维码
L10364,5月9日新高一_数学王老师,暈暈,13601748060,初三（2025年中考）,1,【闵行莲花路】沪闵路7876号 胜富仁大厦,郭云,长按识别二维码
L10365,5月9日新高一_校区_莲花路,暈暈,13601748060,初三（2025年中考）,1,【闵行莲花路】沪闵路7876号 胜富仁大厦,郭云,长按识别二维码
L10366,5月9日新高一_校区_曹杨路,kevin妈妈,13564045062,初三（2025年中考）,1,【普陀曹杨路】中山北路2900号 东方国际元中大厦C座,kevin妈妈,长按识别二维码
L10367,5月9日新高一_总部,cherry,13818384880,初一（2027年中考）,1,【徐汇环贸】东湖路9号,cherry,长按识别二维码
L10369,5月9日新高一_校区_江浦路,杨,15001802470,初三（2025年中考）,1,【杨浦五角场】地铁10号线 江湾体育场站,杨,长按识别二维码
L10370,5月9日新高一_总部,黄女士,18621932119,初三（2025年中考）,1,【杨浦五角场】地铁10号线 江湾体育场站,黄女士,长按识别二维码
L10372,5月9日新高一_总部,Daisy,18616537668,初三（2025年中考）,1,【浦东金桥】地铁6号线 金桥路站,Daisy,长按识别二维码
L10374,5月9日新高一_校区_五角场,何先生,13681601277,初三（2025年中考）,1,【杨浦五角场】地铁10号线 江湾体育场站,何先生,长按识别二维码
L10376,5月9日新高一_校区_蓝村路,沈巍熠,13917305350,初三（2025年中考）,1,【直播课】专属助教答疑督学,沈巍熠,微信其他入口
L10377,5月9日新高一_校区_曹杨路,唐女士,18616350127,初三（2025年中考）,2,【普陀曹杨路】中山北路2900号 东方国际元中大厦C座,唐女士,长按识别二维码
L10378,5月9日新高一_校区_环贸,甜甜,18939924142,初三（2025年中考）,2,【直播课】专属助教答疑督学,甜甜,长按识别二维码
L10379,5月9日新高一_校区_曹杨路,杨,13061781378,初三（2025年中考）,1,【普陀曹杨路】中山北路2900号 东方国际元中大厦C座,杨,长按识别二维码
L10380,5月9日新高一_总部,袅娜,13817955311,初三（2025年中考）,1,【徐汇环贸】东湖路9号,张,长按识别二维码
L10381,5月9日新高一_校区_曹杨路,Ema,19145444244,初三（2025年中考）,2,【徐汇环贸】东湖路9号,Ema,长按识别二维码
L10382,5月9日新高一_总部,李先生,13381588851,初三（2025年中考）,1,【直播课】专属助教答疑督学,李先生,长按识别二维码
L10383,5月9日新高一_校区_蓝村路,王维,13636378419,初二（2026年中考）,1,【浦东蓝村路】蓝村路站 富都广场,王维,长按识别二维码
L10384,5月9日新高一_品牌,丁文涛,13917427692,初三（2025年中考）,1,【浦东金桥】地铁6号线 金桥路站,丁文涛,微信扫一扫
L10385,5月9日新高一_总部,Xcy,18917564956,初三（2025年中考）,1,【浦东蓝村路】蓝村路站 富都广场,项女士,长按识别二维码
L10386,5月9日新高一_知伴社群,天蓝蓝,15026692688,初三（2025年中考）,2,【浦东蓝村路】蓝村路站 富都广场,滢滢妈妈,长按识别二维码
L10387,5月9日新高一_校区_日月光,Queeney Qiu,13801967542,初三（2025年中考）,1,【徐汇日月光】漕溪路280号 汇腾广场,尹伟宸,微信扫一扫
L10388,5月9日新高一_校区_直播课,姜女士,13816561965,初三（2025年中考）,1,【闵行莲花路】沪闵路7876号 胜富仁大厦,姜女士,长按识别二维码
L10389,5月9日新高一_校区_日月光,Huacaiyun,13020286384,初三（2025年中考）,1,【徐汇日月光】漕溪路280号 汇腾广场,Huacaiyun,长按识别二维码
L10390,5月9日新高一_校区_江浦路,Barbara,15941149804,初三（2025年中考）,1,【杨浦江浦路】江浦路1500号(近控江路) 智慧树创意园区,Barbara,长按识别二维码
L10391,5月9日新高一_校区_曹杨路,lv,13917443656,初三（2025年中考）,1,【直播课】专属助教答疑督学,lv,长按识别二维码
L10392,5月9日新高一_校区_江浦路,喻女士,13917851390,初三（2025年中考）,1,【杨浦五角场】地铁10号线 江湾体育场站,喻女士,长按识别二维码
L10393,5月9日新高一_校区_江浦路,胡,13917023139,初三（2025年中考）,1,【杨浦江浦路】江浦路1500号(近控江路) 智慧树创意园区,胡女士,微信扫一扫
L10394,5月9日新高一_校区_曹杨路,顾军,13818904050,初一（2027年中考）,1,【徐汇日月光】漕溪路280号 汇腾广场,顾军,长按识别二维码
L10396,5月9日新高一_校区_曹杨路,居女士,17317288118,初三（2025年中考）,1,【普陀曹杨路】中山北路2900号 东方国际元中大厦C座,居女士,长按识别二维码
L10397,5月9日新高一_总部,小树,13918078286,初三（2025年中考）,1,【普陀曹杨路】中山北路2900号 东方国际元中大厦C座,舒女士,微信其他入口
L10398,5月9日新高一_校区_江浦路,项先生,13816946602,初三（2025年中考）,1,【杨浦江浦路】江浦路1500号(近控江路) 智慧树创意园区,项先生,长按识别二维码
L10400,5月9日新高一_校区_八佰伴,汪,13386022565,初三（2025年中考）,1,【浦东蓝村路】蓝村路站 富都广场,汪,长按识别二维码
L10402,5月9日新高一_校区_江浦路,罗生,18964196073,初三（2025年中考）,1,【杨浦江浦路】江浦路1500号(近控江路) 智慧树创意园区,罗生,从相册选取二维码
L10404,5月9日新高一_总部,孙先生,13818228917,初三（2025年中考）,1,【直播课】专属助教答疑督学,顾女士,长按识别二维码
L10405,5月9日新高一_校区_七宝,葛同学,13764308479,初三（2025年中考）,2,【闵行七宝】地铁9号线七宝站1 汇宝广场,闫雪梅,长按识别二维码
L10406,5月9日新高一_校区_蓝村路,滕女士,18901786561,初三（2025年中考）,1,【浦东蓝村路】蓝村路站 富都广场,奕琳妈妈,长按识别二维码
L10416,5月9日新高一_总部,张教头,18616864608,初三（2025年中考）,2,【闵行七宝】地铁9号线七宝站1 汇宝广场,张教头,微信其他入口
L10421,5月9日新高一_总部,霞,17317897902,初三（2025年中考）,1,【浦东金桥】地铁6号线 金桥路站,刘女士,长按识别二维码
L10425,5月9日新高一_校区_曹杨路,晴晴,13381825789,初三（2025年中考）,1,【普陀曹杨路】中山北路2900号 东方国际元中大厦C座,晴晴,长按识别二维码
L10429,5月9日新高一_校区_七宝,黄奚,13816040936,初三（2025年中考）,1,【闵行莲花路】沪闵路7876号 胜富仁大厦,黄奚,长按识别二维码
L10434,5月9日新高一_总部,吴飞腾-包装印刷一站式供应商,15921105418,初三（2025年中考）,1,【直播课】专属助教答疑督学,吴飞腾-包装印刷一站式供应商,微信其他入口
L10437,5月9日新高一_总部,朱晏晟妈妈,13651944908,初三（2025年中考）,2,【直播课】专属助教答疑督学,朱晏晟妈妈,微信其他入口
L10445,5月9日新高一_总部,戴慧萍,13817975933,初三（2025年中考）,1,【普陀曹杨路】中山北路2900号 东方国际元中大厦C座,戴女士,长按识别二维码
L10447,5月9日新高一_总部,stephen,13817369058,初三（2025年中考）,2,【直播课】专属助教答疑督学,stephen,长按识别二维码
L10463,5月9日新高一_总部,黄女士,18601601606,初三（2025年中考）,2,【浦东蓝村路】蓝村路站 富都广场,黄女士,微信其他入口
L10468,5月9日新高一_总部,斐斐,13585892432,初三（2025年中考）,1,【普陀曹杨路】中山北路2900号 东方国际元中大厦C座,斐斐,微信其他入口
L10477,5月9日新高一_总部,凌,18121002870,初三（2025年中考）,2,【直播课】专属助教答疑督学,凌,长按识别二维码
L10478,5月9日新高一_校区_八佰伴,静子,18017463992,初三（2025年中考）,1,【浦东八佰伴】地铁9号线 商城路站,静子,长按识别二维码
L10479,5月9日新高一_总部,孙杰,15000281221,初三（2025年中考）,2,【普陀曹杨路】中山北路2900号 东方国际元中大厦C座,孙杰,长按识别二维码
L10480,5月9日新高一_校区_蓝村路,王女士,13918116060,初三（2025年中考）,1,【浦东蓝村路】蓝村路站 富都广场,王女士,长按识别二维码
L10482,5月9日新高一_校区_蓝村路,仲,13818544923,初三（2025年中考）,2,【浦东蓝村路】蓝村路站 富都广场,钟,长按识别二维码
L10487,5月9日新高一_校区_日月光,AchemAlice,13774243845,初三（2025年中考）,1,【徐汇日月光】漕溪路280号 汇腾广场,AchemAlice,长按识别二维码
L10490,5月9日新高一_校区_江浦路,朱颖茴,13901841683,初三（2025年中考）,2,【杨浦五角场】地铁10号线 江湾体育场站,朱颖茴,长按识别二维码
L10494,5月9日新高一_总部,皮小姐,13918299046,初三（2025年中考）,2,【徐汇环贸】东湖路9号,皮小姐,长按识别二维码
L10503,5月9日新高一_校区_江浦路,孙女士,13917379131,初三（2025年中考）,1,【杨浦江浦路】江浦路1500号(近控江路) 智慧树创意园区,孙女士,微信扫一扫
L10504,5月9日新高一_总部,李木子,13918143819,初三（2025年中考）,1,【徐汇日月光】漕溪路280号 汇腾广场,李娟,长按识别二维码
L10505,5月9日新高一_校区_七宝,刘女士,13770715252,初三（2025年中考）,2,【闵行七宝】地铁9号线七宝站1 汇宝广场,刘女士,长按识别二维码
L10506,5月9日新高一_总部,lucky-XU [發],13918675292,初三（2025年中考）,1,【浦东八佰伴】地铁9号线 商城路站,lucky-XU [發],微信其他入口
L10507,5月9日新高一_校区_蓝村路,Vivian Wang,13651837695,初三（2025年中考）,1,【浦东蓝村路】蓝村路站 富都广场,Vivian Wang,长按识别二维码
L10511,5月9日新高一_总部,浣浣,13917226584,初三（2025年中考）,1,【浦东蓝村路】蓝村路站 富都广场,浣浣,长按识别二维码
L10516,5月9日新高一_总部,秦芳~,13651858710,初三（2025年中考）,1,【直播课】专属助教答疑督学,秦芳~,长按识别二维码
L10524,5月9日新高一_校区_直播课,阮先生,15317319589,初三（2025年中考）,1,【浦东八佰伴】地铁9号线 商城路站,阮先生,长按识别二维码
L10527,5月9日新高一_校区_七宝,沈女士,13918834318,初三（2025年中考）,2,【闵行七宝】地铁9号线七宝站1 汇宝广场,沈女士,长按识别二维码
L10528,5月9日新高一_校区_七宝,show张,13818622483,初三（2025年中考）,1,【闵行七宝】地铁9号线七宝站1 汇宝广场,show张,长按识别二维码
L10529,5月9日新高一_校区_日月光,Henrychen,15800653750,初三（2025年中考）,1,【徐汇日月光】漕溪路280号 汇腾广场,Henrychen,长按识别二维码
L10530,5月9日新高一_校区_曹杨路,孙杰,15000281221,初三（2025年中考）,2,【普陀曹杨路】中山北路2900号 东方国际元中大厦C座,孙杰,长按识别二维码
L10532,5月9日新高一_数学王老师,刘,13402099638,初三（2025年中考）,2,【浦东八佰伴】地铁9号线 商城路站,刘,长按识别二维码
L10533,5月9日新高一_校区_日月光,冯,13918261365,初三（2025年中考）,1,【徐汇日月光】漕溪路280号 汇腾广场,冯,长按识别二维码
L10534,5月9日新高一_校区_七宝,丁女士,18701806079,初三（2025年中考）,1,【闵行七宝】地铁9号线七宝站1 汇宝广场,丁女士,长按识别二维码
L10535,5月9日新高一_校区_莲花路,李,13052102689,初三（2025年中考）,1,【直播课】专属助教答疑督学,李,长按识别二维码
L10543,5月9日新高一_数学王老师,Jackie,13681963015,初三（2025年中考）,1,【浦东蓝村路】蓝村路站 富都广场,Jackie,微信扫一扫
L10545,5月9日新高一_总部,Amy,13918248303,初三（2025年中考）,1,【直播课】专属助教答疑督学,Amy,微信其他入口
L10550,5月9日新高一_校区_蓝村路,陈珉,13916666610,初三（2025年中考）,2,【浦东蓝村路】蓝村路站 富都广场,陈珉,长按识别二维码
L10552,5月9日新高一_校区_金桥,刘女士,18721639210,初三（2025年中考）,1,【直播课】专属助教答疑督学,刘女士,长按识别二维码
L10553,5月9日新高一_校区_日月光,邵女士,18521569410,初三（2025年中考）,1,【徐汇日月光】漕溪路280号 汇腾广场,邵女士,长按识别二维码
L10563,5月9日新高一_总部,小孙妈妈,13482472946,初三（2025年中考）,1,【普陀曹杨路】中山北路2900号 东方国际元中大厦C座,小孙妈妈,微信扫一扫
L10564,5月9日新高一_总部,绿萝青青,13937159811,初三（2025年中考）,1,【闵行莲花路】沪闵路7876号 胜富仁大厦,绿萝青青,长按识别二维码
L10565,5月9日新高一_校区_金桥,黄女士,13917604096,初三（2025年中考）,1,【直播课】专属助教答疑督学,黄女士,长按识别二维码
L10566,5月9日新高一_校区_莲花路,柳,13621991697,初三（2025年中考）,1,【闵行莲花路】沪闵路7876号 胜富仁大厦,柳,长按识别二维码
L10567,5月9日新高一_知伴社群,顾,15921305351,初三（2025年中考）,1,【杨浦五角场】地铁10号线 江湾体育场站,顾,长按识别二维码
L10568,5月9日新高一_校区_曹杨路,犇妈,18221806280,初三（2025年中考）,2,【直播课】专属助教答疑督学,犇妈,长按识别二维码
L10571,5月9日新高一_校区_七宝,张女士,15388115668,初三（2025年中考）,2,【徐汇日月光】漕溪路280号 汇腾广场,张女士,长按识别二维码
L10572,5月9日新高一_校区_莲花路,Lanzi,18621835517,初三（2025年中考）,1,【闵行莲花路】沪闵路7876号 胜富仁大厦,????Lanzi????,微信扫一扫
L10573,5月9日新高一_校区_七宝,Sunny,13764575612,初三（2025年中考）,2,【闵行莲花路】沪闵路7876号 胜富仁大厦,Sunny,微信扫一扫
L10574,5月9日新高一_校区_七宝,刘敏,13601752071,初二（2026年中考）,1,【闵行莲花路】沪闵路7876号 胜富仁大厦,陈吾方行,长按识别二维码
L10575,5月9日新高一_校区_七宝,方争,13564568064,初二（2026年中考）,1,【闵行莲花路】沪闵路7876号 胜富仁大厦,刘彦梓,长按识别二维码
L10576,5月9日新高一_校区_七宝,方,18018667379,初三（2025年中考）,1,【闵行莲花路】沪闵路7876号 胜富仁大厦,方,长按识别二维码
L10578,5月9日新高一_校区_七宝,李,13564651353,初三（2025年中考）,2,【闵行莲花路】沪闵路7876号 胜富仁大厦,李,长按识别二维码
L10579,5月9日新高一_校区_江浦路,王,13817233151,初三（2025年中考）,1,【直播课】专属助教答疑督学,王,长按识别二维码
L10580,5月9日新高一_校区_七宝,丁丁,13661770259,初二（2026年中考）,1,【闵行莲花路】沪闵路7876号 胜富仁大厦,丁丁,长按识别二维码
L10581,5月9日新高一_总部,ZZ ,18964861693,初三（2025年中考）,1,【直播课】专属助教答疑督学,ZZ,微信其他入口
L10582,5月9日新高一_校区_金桥,魏女士,13818874487,初三（2025年中考）,1,【直播课】专属助教答疑督学,魏女士,长按识别二维码
L10584,5月9日新高一_校区_七宝,王先生,13918809854,初三（2025年中考）,2,【闵行七宝】地铁9号线七宝站1 汇宝广场,王先生,长按识别二维码
L10585,5月9日新高一_校区_日月光,来口苹果,13761980659,初三（2025年中考）,1,【徐汇日月光】漕溪路280号 汇腾广场,来口苹果,长按识别二维码
L10586,5月9日新高一_校区_蓝村路,黄女士,18918452031,初三（2025年中考）,2,【浦东八佰伴】地铁9号线 商城路站,黄女士,长按识别二维码
L10587,5月9日新高一_校区_曹杨路,star,13917572380,初三（2025年中考）,1,【普陀曹杨路】中山北路2900号 东方国际元中大厦C座,star,长按识别二维码
L10588,5月9日新高一_校区_七宝,天,13482641558,初三（2025年中考）,1,【闵行莲花路】沪闵路7876号 胜富仁大厦,天天妈妈,长按识别二维码
L10589,5月9日新高一_校区_蓝村路,花满庭,15921423926,初三（2025年中考）,1,【浦东金桥】地铁6号线 金桥路站,花满庭院庭满花,长按识别二维码
L10590,5月9日新高一_校区_曹杨路,HeJun,18616852926,初三（2025年中考）,1,【普陀曹杨路】中山北路2900号 东方国际元中大厦C座,HeJun,长按识别二维码
L10591,5月9日新高一_校区_莲花路,王玲,18964631839,初三（2025年中考）,1,【闵行莲花路】沪闵路7876号 胜富仁大厦,王玲,微信扫一扫
L10593,5月9日新高一_校区_七宝,Tina,13501973056,初三（2025年中考）,2,【闵行七宝】地铁9号线七宝站1 汇宝广场,Tina,长按识别二维码
L10594,5月9日新高一_校区_曹杨路,楠楠（Yvette Gao）,13501657867,初三（2025年中考）,2,【普陀曹杨路】中山北路2900号 东方国际元中大厦C座,楠楠（Yvette Gao）,长按识别二维码
L10596,5月9日新高一_校区_莲花路,裴女士,13818971443,初三（2025年中考）,1,【闵行莲花路】沪闵路7876号 胜富仁大厦,裴女士,长按识别二维码
L10597,5月9日新高一_校区_七宝,Mandy,15921223956,初一（2027年中考）,1,【闵行莲花路】沪闵路7876号 胜富仁大厦,Mandy,长按识别二维码
L10598,5月9日新高一_校区_莲花路,可可,13501641839,初三（2025年中考）,2,【闵行莲花路】沪闵路7876号 胜富仁大厦,可可,长按识别二维码
L10599,5月9日新高一_校区_莲花路,贝贝,13501938415,初三（2025年中考）,1,【闵行莲花路】沪闵路7876号 胜富仁大厦,贝贝,长按识别二维码
L10600,5月9日新高一_校区_莲花路,kitty,13601680243,初三（2025年中考）,2,【闵行莲花路】沪闵路7876号 胜富仁大厦,kitty,长按识别二维码
L10601,5月9日新高一_校区_金桥,Deng ,13817377008,初三（2025年中考）,1,【浦东金桥】地铁6号线 金桥路站,Deng ,长按识别二维码
L10602,5月9日新高一_校区_莲花路,陈女士,13917947036,初三（2025年中考）,2,【闵行莲花路】沪闵路7876号 胜富仁大厦,陈女士,长按识别二维码
L10603,5月9日新高一_校区_莲花路,居,13323827763,初三（2025年中考）,1,【闵行莲花路】沪闵路7876号 胜富仁大厦,居,长按识别二维码
L10604,5月9日新高一_校区_莲花路,顾女士,13564403234,初三（2025年中考）,1,【直播课】专属助教答疑督学,顾女士,长按识别二维码
L10605,5月9日新高一_校区_曹杨路,程先生,18602118172,初三（2025年中考）,2,【普陀曹杨路】中山北路2900号 东方国际元中大厦C座,程先生,长按识别二维码
L10606,5月9日新高一_校区_江浦路,池小翔,13918247637,初三（2025年中考）,1,【杨浦五角场】地铁10号线 江湾体育场站,池小翔,长按识别二维码
L10607,5月9日新高一_总部,15316735075,15316735075,初三（2025年中考）,2,【浦东八佰伴】地铁9号线 商城路站,15316735075,长按识别二维码
L10608,5月9日新高一_总部,华,17701820413,初三（2025年中考）,1,【浦东金桥】地铁6号线 金桥路站,华菲,微信其他入口
L10609,5月9日新高一_校区_金桥,心竹,13524643615,初三（2025年中考）,1,【直播课】专属助教答疑督学,心竹,微信扫一扫
L10610,5月9日新高一_校区_金桥,李,13512190406,初三（2025年中考）,1,【浦东金桥】地铁6号线 金桥路站,李,长按识别二维码
L10611,5月9日新高一_校区_蓝村路,小伊^^,13917797266,初三（2025年中考）,1,【浦东蓝村路】蓝村路站 富都广场,????小伊^^,长按识别二维码
L10612,5月9日新高一_总部,效铭,13681889485,初三（2025年中考）,2,【普陀曹杨路】中山北路2900号 东方国际元中大厦C座,效铭,长按识别二维码
L10614,5月9日新高一_校区_八佰伴,sunshine,13127765929,初三（2025年中考）,1,【浦东八佰伴】地铁9号线 商城路站,sunshine,长按识别二维码
L10615,5月9日新高一_校区_蓝村路,张平,13671504666,初三（2025年中考）,1,【直播课】专属助教答疑督学,张先生,长按识别二维码
L10616,5月9日新高一_校区_环贸,第三种答案,15821928935,初三（2025年中考）,1,【普陀曹杨路】中山北路2900号 东方国际元中大厦C座,第三种答案,微信扫一扫
L10617,5月9日新高一_校区_蓝村路,王,15221144993,初三（2025年中考）,1,【浦东蓝村路】蓝村路站 富都广场,王,长按识别二维码
L10618,5月9日新高一_校区_八佰伴,lily,13818141862,初三（2025年中考）,1,【闵行七宝】地铁9号线七宝站1 汇宝广场,lily,长按识别二维码
L10619,5月9日新高一_校区_金桥,王,13564009362,初三（2025年中考）,1,【浦东金桥】地铁6号线 金桥路站,王,长按识别二维码
L10621,5月9日新高一_校区_曹杨路,噜噜,13801801941,初三（2025年中考）,1,【普陀曹杨路】中山北路2900号 东方国际元中大厦C座,噜噜,长按识别二维码
L10622,5月9日新高一_校区_莲花路,小宇家长,13916581233,初三（2025年中考）,1,【闵行莲花路】沪闵路7876号 胜富仁大厦,朱女士,长按识别二维码
L10623,5月9日新高一_校区_蓝村路,高双双,13032109917,初一（2027年中考）,1,【浦东蓝村路】蓝村路站 富都广场,高双双,长按识别二维码
L10624,5月9日新高一_校区_曹杨路,杨,13801649334,初三（2025年中考）,1,【徐汇环贸】东湖路9号,唐妈妈,长按识别二维码
L10626,5月9日新高一_校区_曹杨路,王琰,13032137127,初三（2025年中考）,2,【普陀曹杨路】中山北路2900号 东方国际元中大厦C座,王琰,长按识别二维码
L10627,5月9日新高一_校区_曹杨路,殷女士,13701787319,初三（2025年中考）,2,【普陀曹杨路】中山北路2900号 东方国际元中大厦C座,殷女士,长按识别二维码
L10628,5月9日新高一_校区_曹杨路,吴女士,18601685206,初三（2025年中考）,1,【徐汇日月光】漕溪路280号 汇腾广场,吴女士,长按识别二维码
L10629,5月9日新高一_校区_曹杨路,韦女士,18610059058,其他,1,【直播课】专属助教答疑督学,乐乐,长按识别二维码
L10630,5月9日新高一_校区_蓝村路,刘江,18621830591,初三（2025年中考）,1,【浦东八佰伴】地铁9号线 商城路站,刘江,长按识别二维码
L10631,5月9日新高一_校区_曹杨路,包包Joyce,13636332215,初三（2025年中考）,1,【普陀曹杨路】中山北路2900号 东方国际元中大厦C座,包包Joyce,长按识别二维码
L10632,5月9日新高一_校区_直播课,陈生,13817365335,初三（2025年中考）,1,【徐汇日月光】漕溪路280号 汇腾广场,陈生,长按识别二维码
L10633,5月9日新高一_校区_蓝村路,向虹,18117016523,初三（2025年中考）,1,【浦东蓝村路】蓝村路站 富都广场,向虹,长按识别二维码
L10635,5月9日新高一_校区_七宝,瑞秋,18101677619,初二（2026年中考）,2,【闵行莲花路】沪闵路7876号 胜富仁大厦,瑞秋,长按识别二维码
L10636,5月9日新高一_校区_江浦路,徐先生,13651866309,初三（2025年中考）,2,【闵行七宝】地铁9号线七宝站1 汇宝广场,徐先生,长按识别二维码
L10637,5月9日新高一_校区_蓝村路,李女士,13817772860,初三（2025年中考）,1,【直播课】专属助教答疑督学,李女士,长按识别二维码
L10638,5月9日新高一_校区_曹杨路,王文琴,13501905925,初三（2025年中考）,1,【直播课】专属助教答疑督学,王文琴,长按识别二维码
L10639,5月9日新高一_校区_曹杨路,宓宥小主～MIU,13681922929,初三（2025年中考）,1,【普陀曹杨路】中山北路2900号 东方国际元中大厦C座,宓宥小主～MIU,长按识别二维码
L10640,5月9日新高一_校区_莲花路,Alan,18516200307,初三（2025年中考）,1,【闵行莲花路】沪闵路7876号 胜富仁大厦,Alan,长按识别二维码
L10641,5月9日新高一_校区_八佰伴,夕,13661963391,初三（2025年中考）,2,【直播课】专属助教答疑督学,夕,长按识别二维码
L10642,5月9日新高一_校区_蓝村路,Danica Y,13916485168,初三（2025年中考）,2,【浦东金桥】地铁6号线 金桥路站,Danica Y,长按识别二维码
L10644,5月9日新高一_校区_蓝村路,张女士,18149723718,初三（2025年中考）,1,【浦东蓝村路】蓝村路站 富都广场,张女士,长按识别二维码
L10645,5月9日新高一_校区_蓝村路,张生,18018100113,初三（2025年中考）,1,【直播课】专属助教答疑督学,张老师,长按识别二维码
L10646,5月9日新高一_总部,胡,13917623454,初三（2025年中考）,2,【直播课】专属助教答疑督学,胡,长按识别二维码
L10647,5月9日新高一_校区_金桥,玲,15201713386,初三（2025年中考）,1,【直播课】专属助教答疑督学,玲,微信扫一扫
L10649,5月9日新高一_校区_蓝村路,小黄同学,18018503017,初三（2025年中考）,2,【浦东八佰伴】地铁9号线 商城路站,黄妈妈,长按识别二维码
L10650,5月9日新高一_校区_蓝村路,jenny,13818641362,初三（2025年中考）,1,【直播课】专属助教答疑督学,jenny,长按识别二维码
L10651,5月9日新高一_校区_蓝村路,薛女士,18721113357,初三（2025年中考）,1,【浦东金桥】地铁6号线 金桥路站,薛女士,长按识别二维码
L10652,5月9日新高一_校区_莲花路,Leo,13585890487,初三（2025年中考）,2,【徐汇日月光】漕溪路280号 汇腾广场,Leo,微信扫一扫
L10653,5月9日新高一_校区_蓝村路,康先生,15821203668,初三（2025年中考）,1,【浦东蓝村路】蓝村路站 富都广场,康先生,长按识别二维码
L10654,5月9日新高一_校区_金桥,小亚妈妈,18121002870,初三（2025年中考）,2,【直播课】专属助教答疑督学,小亚妈妈,长按识别二维码
L10655,5月9日新高一_校区_莲花路,许女士,13391203405,初三（2025年中考）,2,【闵行七宝】地铁9号线七宝站1 汇宝广场,许女士,长按识别二维码
L10656,5月9日新高一_总部,黎敏,13916152337,初三（2025年中考）,2,【杨浦江浦路】江浦路1500号(近控江路) 智慧树创意园区,黎敏,长按识别二维码
L10657,5月9日新高一_校区_曹杨路,赵女士,13564687733,初三（2025年中考）,1,【直播课】专属助教答疑督学,盛煜宸妈妈,长按识别二维码
L10658,5月9日新高一_校区_蓝村路,徐,13671791912,初三（2025年中考）,2,【浦东八佰伴】地铁9号线 商城路站,大头菜,长按识别二维码
L10659,5月9日新高一_校区_七宝,Coco妈妈,13564526476,初二（2026年中考）,1,【闵行莲花路】沪闵路7876号 胜富仁大厦,郑海烨,长按识别二维码
L10660,5月9日新高一_总部,陆振娟,17717307247,初三（2025年中考）,1,【闵行莲花路】沪闵路7876号 胜富仁大厦,陆振娟,长按识别二维码
L10661,5月9日新高一_总部,兔兔,13816472511,初三（2025年中考）,2,【徐汇日月光】漕溪路280号 汇腾广场,兔兔,长按识别二维码
L10662,5月9日新高一_总部,Juliana,15000590060,初三（2025年中考）,1,【浦东蓝村路】蓝村路站 富都广场,Juliana,微信其他入口
L10663,5月9日新高一_校区_曹杨路,盛煜宸妈妈,19302164558,初三（2025年中考）,1,【普陀曹杨路】中山北路2900号 东方国际元中大厦C座,盛煜宸妈妈,长按识别二维码
L10664,5月9日新高一_校区_环贸,田先生,13917149118,初三（2025年中考）,2,【浦东蓝村路】蓝村路站 富都广场,田先生,长按识别二维码
L10665,5月9日新高一_总部,蕾,13917890851,初三（2025年中考）,1,【直播课】专属助教答疑督学,蕾,微信其他入口
L10666,5月9日新高一_校区_曹杨路,Elsa,13917615963,初三（2025年中考）,2,【普陀曹杨路】中山北路2900号 东方国际元中大厦C座,Elsa,微信扫一扫
L10667,5月9日新高一_校区_蓝村路,王贝,18916588348,初二（2026年中考）,1,【浦东蓝村路】蓝村路站 富都广场,上官伯呈,长按识别二维码
L10668,5月9日新高一_校区_曹杨路,韩女士,13817279817,初三（2025年中考）,1,【直播课】专属助教答疑督学,韩女士,长按识别二维码
L10672,5月9日新高一_总部,周女士,13918121537,初三（2025年中考）,1,【浦东金桥】地铁6号线 金桥路站,周女士,微信其他入口
L10673,5月9日新高一_校区_莲花路,ADAN,18516191975,初三（2025年中考）,2,【闵行莲花路】沪闵路7876号 胜富仁大厦,ADAN,长按识别二维码
L10674,5月9日新高一_校区_江浦路,王女士,13564044668,初三（2025年中考）,1,【浦东八佰伴】地铁9号线 商城路站,王女士,长按识别二维码
L10675,5月9日新高一_总部,王丽丽,13402132166,初三（2025年中考）,1,【徐汇环贸】东湖路9号,王丽丽,长按识别二维码
L10678,5月9日新高一_校区_曹杨路,倪婷玉,13918196062,初三（2025年中考）,2,【徐汇日月光】漕溪路280号 汇腾广场,倪婷玉,长按识别二维码
L10679,5月9日新高一_知伴社群,徐,13816923057,初三（2025年中考）,1,【徐汇日月光】漕溪路280号 汇腾广场,王佳君,长按识别二维码
L10680,5月9日新高一_知伴社群,严女士,13122893311,初三（2025年中考）,2,【闵行七宝】地铁9号线七宝站1 汇宝广场,人生,长按识别二维码
L10681,5月9日新高一_知伴社群,余女士,18501624482,初三（2025年中考）,1,【普陀曹杨路】中山北路2900号 东方国际元中大厦C座,余女士,长按识别二维码
L10682,5月9日新高一_知伴社群,tarring,18621865138,初三（2025年中考）,1,【杨浦五角场】地铁10号线 江湾体育场站,tarring,长按识别二维码
L10683,5月9日新高一_知伴社群,张,13918185612,初三（2025年中考）,1,【杨浦五角场】地铁10号线 江湾体育场站,张,长按识别二维码
L10684,5月9日新高一_知伴社群,兔兔,13816472511,初三（2025年中考）,2,【徐汇日月光】漕溪路280号 汇腾广场,兔兔,长按识别二维码
L10685,5月9日新高一_知伴社群,敏俊xi,15001871120,初三（2025年中考）,1,【浦东蓝村路】蓝村路站 富都广场,许,长按识别二维码
L10686,5月9日新高一_知伴社群,居居,13386280673,初三（2025年中考）,2,【浦东金桥】地铁6号线 金桥路站,居居,长按识别二维码
L10687,5月9日新高一_知伴社群,潘颖,13585722833,初三（2025年中考）,1,【直播课】专属助教答疑督学,潘颖,长按识别二维码
L10688,5月9日新高一_知伴社群,Stella,13601787870,初三（2025年中考）,1,【普陀曹杨路】中山北路2900号 东方国际元中大厦C座,Stella,长按识别二维码
L10689,5月9日新高一_知伴社群,Jane 陈,13788912955,初三（2025年中考）,1,【浦东金桥】地铁6号线 金桥路站,Jane 陈,长按识别二维码
L10690,5月9日新高一_知伴社群,蒋女士,13621829835,初三（2025年中考）,1,【闵行莲花路】沪闵路7876号 胜富仁大厦,蒋秀娟,长按识别二维码
L10691,5月9日新高一_知伴社群,Minka🤍ིྀ,13917305850,初三（2025年中考）,1,【徐汇日月光】漕溪路280号 汇腾广场,Minka????ིྀ,长按识别二维码
L10692,5月9日新高一_知伴社群,Sara Wang,18616591698,初三（2025年中考）,2,【浦东八佰伴】地铁9号线 商城路站,Sara Wang,长按识别二维码
L10693,5月9日新高一_知伴社群,郭女士,13585962802,初三（2025年中考）,2,【浦东金桥】地铁6号线 金桥路站,郭女士,长按识别二维码
L10694,5月9日新高一_校区_环贸,宋女士,15221226618,初三（2025年中考）,1,【徐汇日月光】漕溪路280号 汇腾广场,宋女士,长按识别二维码
L10695,5月9日新高一_校区_曹杨路,陈女士,13817124865,初二（2026年中考）,1,【普陀曹杨路】中山北路2900号 东方国际元中大厦C座,陈女士,长按识别二维码
L10696,5月9日新高一_校区_日月光,杨女士,15601819665,初三（2025年中考）,1,【徐汇日月光】漕溪路280号 汇腾广场,杨女士,长按识别二维码
L10697,5月9日新高一_知伴社群,王,13671589563,初三（2025年中考）,1,【杨浦江浦路】江浦路1500号(近控江路) 智慧树创意园区,王女士,长按识别二维码
L10698,5月9日新高一_知伴社群,徐女士,15900876633,初三（2025年中考）,2,【浦东八佰伴】地铁9号线 商城路站,徐女士,长按识别二维码
L10699,5月9日新高一_知伴社群,万女士,15800578881,初三（2025年中考）,1,【普陀曹杨路】中山北路2900号 东方国际元中大厦C座,万女士,长按识别二维码
L10700,5月9日新高一_知伴社群,肖女士,18917896228,初三（2025年中考）,1,【闵行莲花路】沪闵路7876号 胜富仁大厦,肖女士,长按识别二维码
L10701,5月9日新高一_知伴社群,董恩旭,15821250656,初三（2025年中考）,2,【闵行七宝】地铁9号线七宝站1 汇宝广场,董恩旭,长按识别二维码
L10702,5月9日新高一_知伴社群,唐女士,13651875176,初三（2025年中考）,1,【闵行莲花路】沪闵路7876号 胜富仁大厦,唐女士,长按识别二维码
L10703,5月9日新高一_知伴社群,胡女士,13472832107,初三（2025年中考）,1,【直播课】专属助教答疑督学,胡女士,长按识别二维码
L10704,5月9日新高一_总部,langyi4663,13386204663,初三（2025年中考）,1,【闵行莲花路】沪闵路7876号 胜富仁大厦,langyi4663,微信其他入口
L10705,5月9日新高一_知伴社群,光光,13501755786,初三（2025年中考）,2,【直播课】专属助教答疑督学,????光光,长按识别二维码
L10706,5月9日新高一_知伴社群,震岳,13651880655,初三（2025年中考）,2,【闵行七宝】地铁9号线七宝站1 汇宝广场,震岳,长按识别二维码
L10707,5月9日新高一_校区_八佰伴,刘妈妈,13651731255,初三（2025年中考）,2,【浦东八佰伴】地铁9号线 商城路站,刘妈妈,微信扫一扫
L10708,5月9日新高一_知伴社群,刘女士,18017005615,初三（2025年中考）,2,【徐汇日月光】漕溪路280号 汇腾广场,刘女士,微信其他入口
L10709,5月9日新高一_知伴社群,活在当下,13818901386,初三（2025年中考）,2,【直播课】专属助教答疑督学,活在当下,长按识别二维码
L10710,5月9日新高一_知伴社群,章,18918561995,初三（2025年中考）,1,【杨浦五角场】地铁10号线 江湾体育场站,章,长按识别二维码
L10711,5月9日新高一_知伴社群,Jennifer,13621648923,初三（2025年中考）,1,【直播课】专属助教答疑督学,Jennifer,长按识别二维码
L10713,5月9日新高一_知伴社群,18602115575,18602115575,初三（2025年中考）,1,【闵行莲花路】沪闵路7876号 胜富仁大厦,18602115575,长按识别二维码
L10714,5月9日新高一_知伴社群,Lisa,13916722216,初三（2025年中考）,2,【浦东蓝村路】蓝村路站 富都广场,Lisa,长按识别二维码
L10715,5月9日新高一_校区_蓝村路,Lisa,13916722216,初三（2025年中考）,2,【浦东蓝村路】蓝村路站 富都广场,Lisa,长按识别二维码
L10716,5月9日新高一_知伴社群,Jessie Yuan,15000827599,初三（2025年中考）,1,【徐汇环贸】东湖路9号,Jessie Yuan,长按识别二维码
L10717,5月9日新高一_知伴社群,何女士,13917291089,初三（2025年中考）,1,【杨浦五角场】地铁10号线 江湾体育场站,何女士,长按识别二维码
L10718,5月9日新高一_知伴社群,周先生,13601602727,初三（2025年中考）,2,【浦东金桥】地铁6号线 金桥路站,周先生,长按识别二维码
L10719,5月9日新高一_校区_莲花路,sandy,15221839958,初三（2025年中考）,1,【闵行七宝】地铁9号线七宝站1 汇宝广场,sandy,长按识别二维码
L10720,5月9日新高一_知伴社群,邱女士,18918121512,初三（2025年中考）,2,【杨浦江浦路】江浦路1500号(近控江路) 智慧树创意园区,邱女士,长按识别二维码
L10721,5月9日新高一_知伴社群,徐女士,13761593959,初三（2025年中考）,2,【直播课】专属助教答疑督学,徐女士,长按识别二维码
L10723,5月9日新高一_知伴社群,漪冰,13636339611,初三（2025年中考）,1,【杨浦江浦路】江浦路1500号(近控江路) 智慧树创意园区,漪冰,长按识别二维码
L10724,5月9日新高一_知伴社群,赵女士,13816130219,初三（2025年中考）,1,【浦东蓝村路】蓝村路站 富都广场,赵女士,长按识别二维码
L10725,5月9日新高一_知伴社群,17302159612,17302159612,初三（2025年中考）,1,【浦东八佰伴】地铁9号线 商城路站,17302159612,长按识别二维码
L10726,5月9日新高一_知伴社群,黄同学家长,13636312804,初三（2025年中考）,1,【浦东八佰伴】地铁9号线 商城路站,黄同学家长,长按识别二维码
L10727,5月9日新高一_知伴社群,施小姐,13361886169,初二（2026年中考）,2,【徐汇环贸】东湖路9号,Mickey,长按识别二维码
L10728,5月9日新高一_知伴社群,杨,13764242689,初三（2025年中考）,1,【直播课】专属助教答疑督学,杨,长按识别二维码
L10729,5月9日新高一_知伴社群,Nolan,13801909544,初二（2026年中考）,1,【直播课】专属助教答疑督学,Nolan,长按识别二维码
L10730,5月9日新高一_知伴社群,孙女士,13611784595,初三（2025年中考）,2,【浦东蓝村路】蓝村路站 富都广场,孙女士,长按识别二维码
L10731,5月9日新高一_知伴社群,火,13681832228,初三（2025年中考）,1,【杨浦五角场】地铁10号线 江湾体育场站,火,长按识别二维码
L10732,5月9日新高一_知伴社群,杨ʚ🦄 ིྀɞ,15821400030,初三（2025年中考）,1,【直播课】专属助教答疑督学,杨ʚ,长按识别二维码
L10733,5月9日新高一_知伴社群,，,18501726846,初二（2026年中考）,2,【浦东八佰伴】地铁9号线 商城路站,，,长按识别二维码
L10734,5月9日新高一_知伴社群,于小鱼,18916067325,初三（2025年中考）,1,【闵行莲花路】沪闵路7876号 胜富仁大厦,于小鱼,长按识别二维码
L10735,5月9日新高一_知伴社群,小乔,13917104282,初三（2025年中考）,1,【直播课】专属助教答疑督学,小乔,长按识别二维码
L10736,5月9日新高一_知伴社群,暈暈,13601748060,初三（2025年中考）,1,【闵行莲花路】沪闵路7876号 胜富仁大厦,郭云,长按识别二维码
L10737,5月9日新高一_知伴社群,吴女士,15900989522,初三（2025年中考）,2,【浦东金桥】地铁6号线 金桥路站,吴女士,长按识别二维码
L10738,5月9日新高一_知伴社群,周女士,13701707315,初二（2026年中考）,2,【杨浦江浦路】江浦路1500号(近控江路) 智慧树创意园区,赵寅,长按识别二维码
L10739,5月9日新高一_知伴社群,唐女士,13901627791,初三（2025年中考）,1,【杨浦江浦路】江浦路1500号(近控江路) 智慧树创意园区,唐女士,长按识别二维码
L10740,5月9日新高一_知伴社群,Amy,13023238353,初三（2025年中考）,1,【普陀曹杨路】中山北路2900号 东方国际元中大厦C座,Amy,长按识别二维码
L10741,5月9日新高一_知伴社群,王先生,15000939501,初三（2025年中考）,1,【浦东金桥】地铁6号线 金桥路站,王先生,长按识别二维码
L10742,5月9日新高一_知伴社群,孙路,18918228805,初三（2025年中考）,2,【直播课】专属助教答疑督学,孙路,长按识别二维码
L10743,5月9日新高一_总部,晴晴,18516308315,初三（2025年中考）,1,【浦东金桥】地铁6号线 金桥路站,晴晴,微信其他入口
L10744,5月9日新高一_知伴社群,刘莹,13512177226,初二（2026年中考）,1,【直播课】专属助教答疑督学,刘莹,长按识别二维码
L10745,5月9日新高一_知伴社群,丁丁,18116156960,初三（2025年中考）,2,【闵行莲花路】沪闵路7876号 胜富仁大厦,丁丁,长按识别二维码
L10746,5月9日新高一_总部_公众号,林,18721277118,初三（2025年中考）,1,【闵行七宝】地铁9号线七宝站1 汇宝广场,林,长按识别二维码
L10747,5月9日新高一_知伴社群,JL,13472413436,初三（2025年中考）,2,【浦东蓝村路】蓝村路站 富都广场,JL,长按识别二维码
L10748,5月9日新高一_总部_公众号,王先生,13801761926,初三（2025年中考）,1,【闵行莲花路】沪闵路7876号 胜富仁大厦,王先生,长按识别二维码
L10749,5月9日新高一_总部,马桂青,13818237640,初三（2025年中考）,1,【浦东八佰伴】地铁9号线 商城路站,马女士,长按识别二维码
L10750,5月9日新高一_知伴社群,陀螺转呀转,13661723182,初三（2025年中考）,1,【直播课】专属助教答疑督学,戚,长按识别二维码
L10752,5月9日新高一_知伴社群,杨华,13701619007,初三（2025年中考）,1,【闵行莲花路】沪闵路7876号 胜富仁大厦,杨华,微信扫一扫
L10753,5月9日新高一_知伴社群,张女士,13661872290,初三（2025年中考）,1,【徐汇环贸】东湖路9号,张女士,长按识别二维码
L10755,5月9日新高一_总部_公众号,陈亚,18917063330,初三（2025年中考）,2,【浦东金桥】地铁6号线 金桥路站,陈先生,长按识别二维码
L10756,5月9日新高一_总部_公众号,黄妈,13817580163,初二（2026年中考）,1,【浦东八佰伴】地铁9号线 商城路站,黄妈,长按识别二维码
L10757,5月9日新高一_知伴社群,妞妈,18019265411,初三（2025年中考）,1,【杨浦五角场】地铁10号线 江湾体育场站,妞妈,长按识别二维码
L10758,5月9日新高一_总部_公众号,Anita,18018511696,初三（2025年中考）,1,【杨浦江浦路】江浦路1500号(近控江路) 智慧树创意园区,陈女士,长按识别二维码
L10759,5月9日新高一_校区_莲花路,王静,13052338050,其他,1,【直播课】专属助教答疑督学,王静,长按识别二维码
L10760,5月9日新高一_知伴社群,吴炜,13391355130,初三（2025年中考）,1,【闵行莲花路】沪闵路7876号 胜富仁大厦,吴炜,长按识别二维码
L10761,5月9日新高一_校区_直播课,袁举辉,13918436486,初三（2025年中考）,1,【直播课】专属助教答疑督学,袁举辉,从相册选取二维码
L10762,5月9日新高一_总部_公众号,kelly,17317957986,初三（2025年中考）,1,【闵行莲花路】沪闵路7876号 胜富仁大厦,kelly,长按识别二维码
L10763,5月9日新高一_总部_公众号,张女士,13918343946,初一（2027年中考）,1,【浦东八佰伴】地铁9号线 商城路站,张女士,长按识别二维码
L10764,5月9日新高一_校区_莲花路,徐先生,13918686639,初三（2025年中考）,2,【闵行莲花路】沪闵路7876号 胜富仁大厦,徐先生,长按识别二维码
L10765,5月9日新高一_总部_公众号,Rain,13611981301,初三（2025年中考）,1,【浦东蓝村路】蓝村路站 富都广场,Rain,长按识别二维码
L10766,5月9日新高一_总部,盛,13795479508,初三（2025年中考）,1,【杨浦江浦路】江浦路1500号(近控江路) 智慧树创意园区,盛,长按识别二维码
L10767,5月9日新高一_知伴社群,小静静,13918039837,初三（2025年中考）,1,【杨浦江浦路】江浦路1500号(近控江路) 智慧树创意园区,小静静,长按识别二维码
L10768,5月9日新高一_知伴社群,陈婷婷,13918073519,初三（2025年中考）,1,【闵行莲花路】沪闵路7876号 胜富仁大厦,陈婷婷,长按识别二维码
L10769,5月9日新高一_校区_日月光,徐睿,18918802240,初三（2025年中考）,1,【徐汇环贸】东湖路9号,徐睿,长按识别二维码
L10770,5月9日新高一_校区_蓝村路,Joyce,13916638969,初三（2025年中考）,1,【浦东金桥】地铁6号线 金桥路站,Joyce,长按识别二维码
L10771,5月9日新高一_总部_公众号,Ding～～,17811929121,初三（2025年中考）,1,【闵行七宝】地铁9号线七宝站1 汇宝广场,Ding～～,长按识别二维码
L10772,5月9日新高一_总部_公众号,杨,13026481273,初三（2025年中考）,1,【直播课】专属助教答疑督学,杨,长按识别二维码
L10773,5月9日新高一_渠道_哈童,Sheila,13681681791,初二（2026年中考）,1,【闵行七宝】地铁9号线七宝站1 汇宝广场,Sheila,长按识别二维码
L10774,5月9日新高一_校区_七宝,王立勋,19916557644,初三（2025年中考）,1,【闵行七宝】地铁9号线七宝站1 汇宝广场,王立勋,长按识别二维码
L10775,5月9日新高一_总部_公众号,王女士,13611660939,初三（2025年中考）,1,【闵行七宝】地铁9号线七宝站1 汇宝广场,王女士,长按识别二维码
L10776,5月9日新高一_总部_公众号,李,13816677477,初三（2025年中考）,1,【浦东蓝村路】蓝村路站 富都广场,李,长按识别二维码
L10779,5月9日新高一_总部,虹,18930259406,初三（2025年中考）,1,【浦东八佰伴】地铁9号线 商城路站,虹,长按识别二维码
L10780,5月9日新高一_总部,刘女士,18502187979,初三（2025年中考）,1,【浦东蓝村路】蓝村路站 富都广场,刘女士,长按识别二维码
L10781,5月9日新高一_校区_曹杨路,Judy,13761056743,初三（2025年中考）,1,【普陀曹杨路】中山北路2900号 东方国际元中大厦C座,Judy,长按识别二维码
L10782,5月9日新高一_总部_公众号,18049706506,18049706506,初三（2025年中考）,2,【直播课】专属助教答疑督学,18049706506,长按识别二维码
L10783,5月9日新高一_知伴社群,Amy王,13501904322,初三（2025年中考）,1,【杨浦五角场】地铁10号线 江湾体育场站,Amy王,长按识别二维码
L10785,5月9日新高一_知伴社群,张先生,13918508955,初三（2025年中考）,1,【浦东金桥】地铁6号线 金桥路站,张先生,微信扫一扫
L10787,5月9日新高一_总部_公众号,一缕阳光,15900756285,初三（2025年中考）,2,【闵行七宝】地铁9号线七宝站1 汇宝广场,许同学妈妈,长按识别二维码
L10788,5月9日新高一_知伴社群,翁女士,13818761260,初三（2025年中考）,2,【直播课】专属助教答疑督学,翁女士,长按识别二维码
L10789,5月9日新高一_校区_七宝,一缕阳光,15900756285,初三（2025年中考）,2,【闵行七宝】地铁9号线七宝站1 汇宝广场,许同学妈妈,长按识别二维码
L10790,5月9日新高一_校区_蓝村路,Rain,13611981301,初三（2025年中考）,1,【浦东蓝村路】蓝村路站 富都广场,Rain,长按识别二维码
L10791,5月9日新高一_总部_公众号,D女士,18616399183,初一（2027年中考）,1,【徐汇日月光】漕溪路280号 汇腾广场,D女士,长按识别二维码
L10794,5月9日新高一_总部_公众号,尹江露,18119676050,其他,1,【闵行莲花路】沪闵路7876号 胜富仁大厦,尹江露,长按识别二维码
L10795,5月9日新高一_知伴社群,王师懿,17621433143,初三（2025年中考）,2,【浦东蓝村路】蓝村路站 富都广场,王师懿,长按识别二维码
L10796,5月9日新高一_校区_曹杨路,张女士,13601661338,初三（2025年中考）,2,【普陀曹杨路】中山北路2900号 东方国际元中大厦C座,张女士,长按识别二维码
L10798,5月9日新高一_知伴社群,LiSa,13916506861,初三（2025年中考）,1,【浦东金桥】地铁6号线 金桥路站,LiSa,长按识别二维码
L10799,5月9日新高一_总部_公众号,小汤,13817517787,初三（2025年中考）,1,【普陀曹杨路】中山北路2900号 东方国际元中大厦C座,小汤,长按识别二维码
L10800,5月9日新高一_总部_公众号,朱女士,13918301898,初一（2027年中考）,1,【普陀曹杨路】中山北路2900号 东方国际元中大厦C座,朱女士,长按识别二维码
L10801,5月9日新高一_知伴社群,丽琴,13611628001,初三（2025年中考）,1,【直播课】专属助教答疑督学,丽琴,长按识别二维码
L10802,5月9日新高一_总部_公众号,睿宸妈妈,13040699240,初三（2025年中考）,1,【直播课】专属助教答疑督学,睿宸妈妈,长按识别二维码
L10803,5月9日新高一_总部_公众号,多妈,13916561366,初一（2027年中考）,2,【直播课】专属助教答疑督学,多妈,长按识别二维码
L10804,5月9日新高一_知伴社群,hy,15221432707,初三（2025年中考）,1,【闵行莲花路】沪闵路7876号 胜富仁大厦,hy,微信扫一扫
L10805,5月9日新高一_总部,刘军燕,13651701450,初三（2025年中考）,1,【闵行七宝】地铁9号线七宝站1 汇宝广场,刘,长按识别二维码
L10806,5月9日新高一_总部_公众号,马心瑜,13818068374,初三（2025年中考）,1,【浦东蓝村路】蓝村路站 富都广场,俞女士,长按识别二维码
L10807,5月9日新高一_总部_公众号,曲先生,13641686286,初三（2025年中考）,1,【浦东八佰伴】地铁9号线 商城路站,曲先生,长按识别二维码
L10808,5月9日新高一_校区_环贸,粉红海星,18918113280,初三（2025年中考）,1,【闵行七宝】地铁9号线七宝站1 汇宝广场,粉红海星,长按识别二维码
L10809,5月9日新高一_总部,绮绮,18001718115,初三（2025年中考）,1,【徐汇环贸】东湖路9号,绮绮,长按识别二维码
L10810,5月9日新高一_总部_公众号,Echo,13564456608,初三（2025年中考）,1,【徐汇环贸】东湖路9号,Echo,长按识别二维码
L10811,5月9日新高一_总部_公众号,陈女士,13817124865,初二（2026年中考）,1,【直播课】专属助教答疑督学,陈女士,长按识别二维码
L10812,5月9日新高一_知伴社群,叶子,15618901658,初三（2025年中考）,2,【杨浦江浦路】江浦路1500号(近控江路) 智慧树创意园区,叶子,长按识别二维码
L10816,5月9日新高一_总部_公众号,陈女士,17321244319,初三（2025年中考）,1,【徐汇环贸】东湖路9号,陈女士,长按识别二维码
L10817,5月9日新高一_总部_公众号,胡骁杰,13818859256,初三（2025年中考）,1,【徐汇环贸】东湖路9号,胡骁杰,长按识别二维码
L10818,5月9日新高一_总部_公众号,马蓓蓓,13501804862,初二（2026年中考）,1,【普陀曹杨路】中山北路2900号 东方国际元中大厦C座,马蓓蓓,长按识别二维码
L10819,5月9日新高一_总部,张,15021616830,初三（2025年中考）,1,【直播课】专属助教答疑督学,张,长按识别二维码
L10820,5月9日新高一_总部,天使在人间,13916120899,初三（2025年中考）,1,【闵行莲花路】沪闵路7876号 胜富仁大厦,天使在人间,长按识别二维码
L10821,5月9日新高一_知伴社群,hase,18001744935,初三（2025年中考）,2,【浦东蓝村路】蓝村路站 富都广场,hase,长按识别二维码
L10822,5月9日新高一_知伴社群,hase,13310195960,初三（2025年中考）,2,【浦东蓝村路】蓝村路站 富都广场,hase,长按识别二维码
L10823,5月9日新高一_总部,姚盛涵妈妈,18918286511,初三（2025年中考）,1,【直播课】专属助教答疑督学,姚盛涵,微信其他入口
L10825,5月9日新高一_总部_公众号,qinwen79,13901993510,初三（2025年中考）,2,【浦东蓝村路】蓝村路站 富都广场,罗女士,长按识别二维码
L10827,5月9日新高一_校区_莲花路,fang,13918434875,初三（2025年中考）,1,【直播课】专属助教答疑督学,fang,长按识别二维码
L10828,5月9日新高一_总部_公众号,豆米妈,13564967991,初三（2025年中考）,1,【浦东蓝村路】蓝村路站 富都广场,陆妈妈,长按识别二维码
L10829,5月9日新高一_校区_七宝,刘军燕,13651701450,初三（2025年中考）,1,【闵行七宝】地铁9号线七宝站1 汇宝广场,刘,长按识别二维码
L10830,5月9日新高一_总部_公众号,文文妈,13386101919,初三（2025年中考）,1,【直播课】专属助教答疑督学,文文妈,长按识别二维码
L10831,5月9日新高一_总部_公众号,唐女士,13585804756,初二（2026年中考）,1,【浦东蓝村路】蓝村路站 富都广场,小易,长按识别二维码
L10832,5月9日新高一_校区_曹杨路,琦琦,13917272507,初三（2025年中考）,1,【普陀曹杨路】中山北路2900号 东方国际元中大厦C座,洋悦,长按识别二维码
L10833,5月9日新高一_知伴社群,文文妈,13386101919,初三（2025年中考）,1,【直播课】专属助教答疑督学,文文妈,长按识别二维码
L10834,5月9日新高一_校区_莲花路,李,13501818785,初三（2025年中考）,1,【闵行莲花路】沪闵路7876号 胜富仁大厦,刘,微信扫一扫
L10835,5月9日新高一_总部_公众号,杨先生,13681632060,初二（2026年中考）,1,【闵行莲花路】沪闵路7876号 胜富仁大厦,杨婉萱,长按识别二维码
L10836,5月9日新高一_校区_日月光,徐先生,13818874216,初三（2025年中考）,1,【徐汇日月光】漕溪路280号 汇腾广场,徐先生,长按识别二维码
L10837,5月9日新高一_总部_公众号,芮妈,13023274643,初三（2025年中考）,1,【杨浦五角场】地铁10号线 江湾体育场站,芮妈,长按识别二维码
L10838,5月9日新高一_知伴社群,屠女士,13162889111,初三（2025年中考）,1,【徐汇日月光】漕溪路280号 汇腾广场,屠女士,长按识别二维码
L10839,5月9日新高一_总部_公众号,陈女士,15021887801,初三（2025年中考）,1,【徐汇日月光】漕溪路280号 汇腾广场,陈女士,长按识别二维码
L10840,5月9日新高一_总部_公众号,许,13917753509,初三（2025年中考）,1,【杨浦江浦路】江浦路1500号(近控江路) 智慧树创意园区,许,长按识别二维码
L10843,5月9日新高一_知伴社群,施,13901983463,初三（2025年中考）,2,【杨浦江浦路】江浦路1500号(近控江路) 智慧树创意园区,施,长按识别二维码
L10844,5月9日新高一_教学,方,18018667379,初三（2025年中考）,1,【闵行莲花路】沪闵路7876号 胜富仁大厦,方,长按识别二维码
L10845,5月9日新高一_总部_公众号,王女士,18768143739,初三（2025年中考）,1,【杨浦五角场】地铁10号线 江湾体育场站,王女士,长按识别二维码
L10846,5月9日新高一_校区_环贸,王女士,13701774739,初二（2026年中考）,1,【徐汇环贸】东湖路9号,王女士,长按识别二维码
L10847,5月9日新高一_校区_环贸,王,13817091804,初三（2025年中考）,1,【闵行七宝】地铁9号线七宝站1 汇宝广场,王,长按识别二维码
L10848,5月9日新高一_总部,陈洁,13816829155,初三（2025年中考）,1,【浦东蓝村路】蓝村路站 富都广场,陈洁,长按识别二维码
L10849,5月9日新高一_校区_环贸,娜娜,18601723011,初三（2025年中考）,1,【徐汇环贸】东湖路9号,李女生,长按识别二维码
L10850,5月9日新高一_校区_曹杨路,高女士,13916491593,初三（2025年中考）,1,【普陀曹杨路】中山北路2900号 东方国际元中大厦C座,高女士,长按识别二维码
L10851,5月9日新高一_总部_公众号,多多妈,13817009201,初三（2025年中考）,2,【直播课】专属助教答疑督学,多多妈,长按识别二维码
L10852,5月9日新高一_校区_曹杨路,卢,13764423099,初三（2025年中考）,1,【普陀曹杨路】中山北路2900号 东方国际元中大厦C座,卢,长按识别二维码
L10853,5月9日新高一_总部_公众号,于非凡,18660722544,初三（2025年中考）,2,【浦东八佰伴】地铁9号线 商城路站,于非凡,长按识别二维码
L10854,5月9日新高一_总部_公众号,米扫啦扫,13916243263,初二（2026年中考）,1,【直播课】专属助教答疑督学,葛,长按识别二维码
L10855,5月9日新高一_校区_环贸,胡,15022101395,初三（2025年中考）,1,【徐汇环贸】东湖路9号,胡,长按识别二维码
L10856,5月9日新高一_总部,Milly,13817863360,初三（2025年中考）,2,【杨浦五角场】地铁10号线 江湾体育场站,Milly,微信其他入口
L10857,5月9日新高一_校区_八佰伴,陈林,15001980761,初三（2025年中考）,1,【直播课】专属助教答疑督学,陈林,长按识别二维码
L10858,5月9日新高一_校区_七宝,俏,13671863465,初三（2025年中考）,2,【闵行莲花路】沪闵路7876号 胜富仁大厦,尹俏,长按识别二维码
L10860,5月9日新高一_总部,王一川,13701609113,初三（2025年中考）,2,【杨浦江浦路】江浦路1500号(近控江路) 智慧树创意园区,王一川,微信其他入口
L10861,5月9日新高一_总部,张治国,13776214743,初三（2025年中考）,1,【普陀曹杨路】中山北路2900号 东方国际元中大厦C座,张治国,长按识别二维码
L10862,5月9日新高一_总部,林女士,18116262739,初三（2025年中考）,1,【杨浦江浦路】江浦路1500号(近控江路) 智慧树创意园区,林女士,长按识别二维码
L10863,5月9日新高一_总部,向向,18616594791,初三（2025年中考）,1,【徐汇环贸】东湖路9号,向向,微信其他入口
L10864,5月9日新高一_总部,xyp,13061680096,初三（2025年中考）,1,【普陀曹杨路】中山北路2900号 东方国际元中大厦C座,jerry,长按识别二维码
L10865,5月9日新高一_总部,Yvonne,13632235357,初三（2025年中考）,1,【浦东八佰伴】地铁9号线 商城路站,Yvonne,长按识别二维码
L10866,5月9日新高一_总部_公众号,佳燕 Jin,13917729701,初二（2026年中考）,1,【闵行莲花路】沪闵路7876号 胜富仁大厦,杨恩泽,长按识别二维码
L10867,5月9日新高一_总部,魔丸,13585821578,初三（2025年中考）,1,【直播课】专属助教答疑督学,魔丸,微信其他入口
L10868,5月9日新高一_校区_环贸,曼玲,13501843344,初三（2025年中考）,2,【徐汇环贸】东湖路9号,曼玲,长按识别二维码
L10869,5月9日新高一_总部,源源,13916221682,初三（2025年中考）,1,【闵行莲花路】沪闵路7876号 胜富仁大厦,源源,长按识别二维码
L10870,5月9日新高一_总部,薇好,13818606672,初三（2025年中考）,1,【直播课】专属助教答疑督学,薇好,长按识别二维码
L10871,5月9日新高一_总部_公众号,袁女士,13601879226,初三（2025年中考）,1,【浦东八佰伴】地铁9号线 商城路站,袁女士,长按识别二维码
L10872,5月9日新高一_总部,庄超,13651989971,初三（2025年中考）,1,【浦东八佰伴】地铁9号线 商城路站,Rachel,长按识别二维码
L10873,5月9日新高一_总部,xiaor,15800379328,初二（2026年中考）,1,【浦东蓝村路】蓝村路站 富都广场,肖女士,微信其他入口
L10874,5月9日新高一_总部,孟美菊,15221625887,初三（2025年中考）,1,【闵行七宝】地铁9号线七宝站1 汇宝广场,孟美菊,长按识别二维码
L10877,5月9日新高一_总部,柯女士,18918374188,初三（2025年中考）,1,【直播课】专属助教答疑督学,柯女士,长按识别二维码
L10878,5月9日新高一_总部,杨,18621631870,初三（2025年中考）,1,【杨浦五角场】地铁10号线 江湾体育场站,梅女士,长按识别二维码
L10881,5月9日新高一_校区_江浦路,SusanY,18516383826,初三（2025年中考）,1,【杨浦五角场】地铁10号线 江湾体育场站,SusanY,长按识别二维码
L10882,5月9日新高一_校区_七宝,任,13701699446,初三（2025年中考）,2,【闵行七宝】地铁9号线七宝站1 汇宝广场,任,长按识别二维码
L10883,5月9日新高一_总部,朱子晗,13524969690,初三（2025年中考）,2,【浦东蓝村路】蓝村路站 富都广场,朱子晗,微信其他入口
L10886,5月9日新高一_总部,紫罗兰,13311826002,初三（2025年中考）,1,【闵行莲花路】沪闵路7876号 胜富仁大厦,紫罗兰,微信其他入口
L10888,5月9日新高一_总部_公众号,陈女士,13161890130,初三（2025年中考）,2,【闵行莲花路】沪闵路7876号 胜富仁大厦,陈妈妈,长按识别二维码
L10889,5月9日新高一_校区_莲花路,陈女士,13161890130,初三（2025年中考）,2,【闵行莲花路】沪闵路7876号 胜富仁大厦,陈妈妈,长按识别二维码
L10891,5月9日新高一_总部_公众号,Suzy,13371896139,初三（2025年中考）,2,【杨浦江浦路】江浦路1500号(近控江路) 智慧树创意园区,苏女士,微信扫一扫
L10892,5月9日新高一_校区_日月光,Tina W.,15021957753,初三（2025年中考）,2,【徐汇日月光】漕溪路280号 汇腾广场,Tina W.,长按识别二维码
L10893,5月9日新高一_总部,Niky,15900875828,初三（2025年中考）,1,【直播课】专属助教答疑督学,Niky,长按识别二维码
L10894,5月9日新高一_总部,周先生,13482496760,初三（2025年中考）,1,【直播课】专属助教答疑督学,周先生,长按识别二维码
L10895,5月9日新高一_总部,jin,13817935024,初三（2025年中考）,2,【直播课】专属助教答疑督学,jin,长按识别二维码
L10896,5月9日新高一_总部,周女士,18217757419,初三（2025年中考）,1,【徐汇日月光】漕溪路280号 汇腾广场,周女士,长按识别二维码
L10897,5月9日新高一_总部,占艳竹,13062729369,初三（2025年中考）,1,【闵行七宝】地铁9号线七宝站1 汇宝广场,占艳竹,微信其他入口
L10898,5月9日新高一_总部,悠妈,13795293877,初二（2026年中考）,2,【杨浦江浦路】江浦路1500号(近控江路) 智慧树创意园区,悠妈,长按识别二维码
L10899,5月9日新高一_总部,Amy Zhao,13817756677,初三（2025年中考）,1,【直播课】专属助教答疑督学,Amy Zhao,长按识别二维码
L10900,5月9日新高一_总部,谭熙瑶,19955325888,初三（2025年中考）,1,【浦东蓝村路】蓝村路站 富都广场,谭熙瑶妈妈,长按识别二维码
L10901,5月9日新高一_总部,王梦之,13816012533,初三（2025年中考）,1,【直播课】专属助教答疑督学,王梦之,微信其他入口
L10902,5月9日新高一_总部,蒋女士,13621829835,初三（2025年中考）,1,【闵行莲花路】沪闵路7876号 胜富仁大厦,蒋秀娟,微信其他入口
L10903,5月9日新高一_总部,顾先生,13761293950,初三（2025年中考）,1,【杨浦五角场】地铁10号线 江湾体育场站,顾先生,微信其他入口
L10904,5月9日新高一_总部,王女士,18338337550,初三（2025年中考）,1,【浦东八佰伴】地铁9号线 商城路站,王女士,微信其他入口
L10905,5月9日新高一_总部,任任,18930059866,初三（2025年中考）,1,【闵行七宝】地铁9号线七宝站1 汇宝广场,任任,长按识别二维码
L10906,5月9日新高一_总部,朱,13917609779,初三（2025年中考）,1,【徐汇日月光】漕溪路280号 汇腾广场,朱,微信其他入口
L10907,5月9日新高一_总部,程利平,18516738392,初三（2025年中考）,1,【普陀曹杨路】中山北路2900号 东方国际元中大厦C座,程利平,微信其他入口
L10908,5月9日新高一_校区_日月光,healthy,13916293321,初三（2025年中考）,1,【徐汇日月光】漕溪路280号 汇腾广场,张先生,长按识别二维码
L10909,5月9日新高一_总部,Miss吴,13564526443,初三（2025年中考）,1,【闵行莲花路】沪闵路7876号 胜富仁大厦,????Miss吴,长按识别二维码
L10910,5月9日新高一_总部,cherry,13917628352,初三（2025年中考）,2,【浦东金桥】地铁6号线 金桥路站,黄丹凤,微信其他入口
L10911,5月9日新高一_总部,方女士,13816005990,初三（2025年中考）,1,【浦东八佰伴】地铁9号线 商城路站,方女士,微信其他入口
L10912,5月9日新高一_总部,SunnyKang,13918284911,初三（2025年中考）,1,【浦东蓝村路】蓝村路站 富都广场,SunnyKang,微信其他入口
L10913,5月9日新高一_总部,Kitty猫咪,13918707217,初三（2025年中考）,1,【闵行莲花路】沪闵路7876号 胜富仁大厦,Kitty猫咪,微信其他入口
L10914,5月9日新高一_总部_公众号,Vincent Wu,15921937553,初三（2025年中考）,2,【闵行七宝】地铁9号线七宝站1 汇宝广场,Vincent Wu,长按识别二维码
L10915,5月9日新高一_总部,蓓蓓,18017274785,初二（2026年中考）,1,【直播课】专属助教答疑督学,蓓蓓,长按识别二维码
L10916,5月9日新高一_总部,秦,18601639185,初二（2026年中考）,1,【杨浦江浦路】江浦路1500号(近控江路) 智慧树创意园区,秦,长按识别二维码
L10917,5月9日新高一_总部,蔡康,13918600415,初三（2025年中考）,2,【杨浦江浦路】江浦路1500号(近控江路) 智慧树创意园区,蔡康,长按识别二维码
L10918,5月9日新高一_总部,蔚蔚ꪝ ᴗ ꪝ,13817777874,初三（2025年中考）,1,【浦东金桥】地铁6号线 金桥路站,蔚蔚ꪝ ᴗ ꪝ,微信其他入口
L10919,5月9日新高一_总部,郁敏杰,13651624726,初三（2025年中考）,1,【杨浦江浦路】江浦路1500号(近控江路) 智慧树创意园区,郁敏杰,长按识别二维码
L10920,5月9日新高一_总部,张小姐,13916916279,初二（2026年中考）,2,【普陀曹杨路】中山北路2900号 东方国际元中大厦C座,张小姐,长按识别二维码
L10921,5月9日新高一_总部,张,13651734553,初三（2025年中考）,1,【杨浦江浦路】江浦路1500号(近控江路) 智慧树创意园区,张,长按识别二维码
L10922,5月9日新高一_总部,张小姐,13585961097,初三（2025年中考）,2,【闵行七宝】地铁9号线七宝站1 汇宝广场,张小姐,微信其他入口
L10923,5月9日新高一_总部,Eileen,15921869359,初三（2025年中考）,1,【直播课】专属助教答疑督学,Eileen,微信其他入口
L10924,5月9日新高一_总部,费,13636560707,初三（2025年中考）,1,【普陀曹杨路】中山北路2900号 东方国际元中大厦C座,费,微信其他入口
L10925,5月9日新高一_总部,w,15216634056,初三（2025年中考）,1,【徐汇日月光】漕溪路280号 汇腾广场,w,微信其他入口
L10926,5月9日新高一_总部,丹,18516020818,初二（2026年中考）,1,【杨浦五角场】地铁10号线 江湾体育场站,丹,微信其他入口
L10927,5月9日新高一_总部,英,18621285728,初三（2025年中考）,2,【直播课】专属助教答疑督学,英,长按识别二维码
L10928,5月9日新高一_总部,戴,15001703668,初三（2025年中考）,1,【直播课】专属助教答疑督学,戴,长按识别二维码
L10929,5月9日新高一_总部,陈先生,13818797496,初三（2025年中考）,1,【普陀曹杨路】中山北路2900号 东方国际元中大厦C座,陈先生,长按识别二维码
L10930,5月9日新高一_总部,yaoayao0111,13917885109,初三（2025年中考）,2,【浦东八佰伴】地铁9号线 商城路站,徐妈妈,微信其他入口
L10931,5月9日新高一_总部,李女士,13816889859,初三（2025年中考）,1,【浦东蓝村路】蓝村路站 富都广场,李女士,微信其他入口
L10932,5月9日新高一_总部,越康生物,13331976579,初三（2025年中考）,1,【杨浦五角场】地铁10号线 江湾体育场站,越康生物,微信其他入口
L10933,5月9日新高一_总部,杰妈,18016031682,初三（2025年中考）,1,【徐汇日月光】漕溪路280号 汇腾广场,杰妈,长按识别二维码
L10934,5月9日新高一_总部,嘉妈,13817973725,初三（2025年中考）,1,【杨浦江浦路】江浦路1500号(近控江路) 智慧树创意园区,嘉妈,长按识别二维码
L10935,5月9日新高一_总部,马蓓蓓,13501804862,初二（2026年中考）,1,【普陀曹杨路】中山北路2900号 东方国际元中大厦C座,马蓓蓓,微信其他入口
L10936,5月9日新高一_总部,胡女士,18016286853,初三（2025年中考）,1,【浦东金桥】地铁6号线 金桥路站,胡女士,微信其他入口
L10937,5月9日新高一_总部,Cherry,15202189611,初三（2025年中考）,1,【徐汇日月光】漕溪路280号 汇腾广场,Cherry,微信其他入口
L10938,5月9日新高一_总部,丁一当,13818610841,初三（2025年中考）,1,【闵行莲花路】沪闵路7876号 胜富仁大厦,丁一当,微信其他入口
L10939,5月9日新高一_总部,果果妈妈,15921521916,初三（2025年中考）,1,【浦东八佰伴】地铁9号线 商城路站,果果,长按识别二维码
L10940,5月9日新高一_总部,李女士,13472884270,初三（2025年中考）,1,【直播课】专属助教答疑督学,李女士,微信其他入口
L10941,5月9日新高一_总部,文妈,15001907299,初二（2026年中考）,1,【闵行七宝】地铁9号线七宝站1 汇宝广场,文彩萱,长按识别二维码
L10942,5月9日新高一_总部,顾,13916837744,初二（2026年中考）,1,【杨浦江浦路】江浦路1500号(近控江路) 智慧树创意园区,顾,长按识别二维码
L10943,5月9日新高一_总部,Teresa,13816901612,初三（2025年中考）,1,【直播课】专属助教答疑督学,Teresa,微信其他入口
L10944,5月9日新高一_总部,瞳瞳妈妈,17717917708,初三（2025年中考）,1,【直播课】专属助教答疑督学,果果,微信其他入口
L10945,5月9日新高一_总部,冬冬妈妈,13761068802,初三（2025年中考）,1,【徐汇日月光】漕溪路280号 汇腾广场,冬冬妈妈,微信其他入口
L10946,5月9日新高一_总部,张,13564177309,初三（2025年中考）,1,【直播课】专属助教答疑督学,张,长按识别二维码
L10947,5月9日新高一_校区_环贸,张先生,13661669272,初三（2025年中考）,1,【直播课】专属助教答疑督学,张先生,长按识别二维码
L10948,5月9日新高一_总部,米琪,13764450532,初三（2025年中考）,1,【浦东金桥】地铁6号线 金桥路站,米琪,长按识别二维码
L10949,5月9日新高一_总部,吴女士,13816974010,初三（2025年中考）,1,【闵行七宝】地铁9号线七宝站1 汇宝广场,吴女士,长按识别二维码
L10950,5月9日新高一_总部,王向阳,13916878640,初三（2025年中考）,1,【浦东八佰伴】地铁9号线 商城路站,王向阳,微信其他入口
L10951,5月9日新高一_总部,Grace,13916310913,初三（2025年中考）,1,【普陀曹杨路】中山北路2900号 东方国际元中大厦C座,Grace,长按识别二维码
L10952,5月9日新高一_总部,Elyn,15618670388,初三（2025年中考）,1,【浦东八佰伴】地铁9号线 商城路站,Elyn,长按识别二维码
L10953,5月9日新高一_总部,SCHOLES 朱华,13918900623,初三（2025年中考）,2,【直播课】专属助教答疑督学,SCHOLES 朱华,长按识别二维码
L10954,5月9日新高一_总部,GG,18930688628,初三（2025年中考）,2,【杨浦江浦路】江浦路1500号(近控江路) 智慧树创意园区,GG,长按识别二维码
L10955,5月9日新高一_总部,wangxx66,13917972666,初三（2025年中考）,1,【直播课】专属助教答疑督学,wangxx66,微信其他入口
L10956,5月9日新高一_总部,陶 ,13917250795,初三（2025年中考）,2,【直播课】专属助教答疑督学,陶,微信其他入口
L10959,5月9日新高一_总部,小蒋,17717577723,初三（2025年中考）,1,【直播课】专属助教答疑督学,小蒋,长按识别二维码
L10960,5月9日新高一_总部,何先生,13585583028,初三（2025年中考）,1,【浦东蓝村路】蓝村路站 富都广场,何雨轩,微信其他入口
L10961,5月9日新高一_总部,乐乐妈妈,18616654433,初三（2025年中考）,1,【徐汇日月光】漕溪路280号 汇腾广场,乐乐妈妈,微信其他入口
L10962,5月9日新高一_总部,程,13052002821,初三（2025年中考）,1,【普陀曹杨路】中山北路2900号 东方国际元中大厦C座,程月亮,长按识别二维码
L10964,5月9日新高一_总部,张恒,18121369688,初三（2025年中考）,2,【直播课】专属助教答疑督学,张恒,微信其他入口
L10965,5月9日新高一_总部,周女士,13701607098,初三（2025年中考）,1,【直播课】专属助教答疑督学,周女士,长按识别二维码
L10966,5月9日新高一_总部,来先生,13788981898,初三（2025年中考）,2,【普陀曹杨路】中山北路2900号 东方国际元中大厦C座,来先生,微信其他入口
L10967,5月9日新高一_总部,潘佳妮妈妈,13601982159,初三（2025年中考）,1,【杨浦江浦路】江浦路1500号(近控江路) 智慧树创意园区,潘佳妮,长按识别二维码
L10968,5月9日新高一_总部,张女士,13761332024,初三（2025年中考）,1,【浦东蓝村路】蓝村路站 富都广场,张女士,长按识别二维码
L10969,5月9日新高一_总部,朱女士,13818551909,初三（2025年中考）,1,【直播课】专属助教答疑督学,朱女士,长按识别二维码
L10970,5月9日新高一_总部,duhong,15026881607,初三（2025年中考）,1,【浦东蓝村路】蓝村路站 富都广场,都女士,微信其他入口
L10971,5月9日新高一_总部,小陈妈妈,18621661665,初三（2025年中考）,1,【浦东金桥】地铁6号线 金桥路站,小陈妈妈,长按识别二维码
L10972,5月9日新高一_总部,蒋,15801963225,初三（2025年中考）,2,【杨浦五角场】地铁10号线 江湾体育场站,蒋,长按识别二维码
L10973,5月9日新高一_总部,魔法棒,18049830915,初三（2025年中考）,2,【浦东金桥】地铁6号线 金桥路站,魔法棒,微信其他入口
L10974,5月9日新高一_总部,石头妈,13918471716,初三（2025年中考）,1,【普陀曹杨路】中山北路2900号 东方国际元中大厦C座,石头妈,微信其他入口
L10975,5月9日新高一_总部,lisa,13816426488,初二（2026年中考）,1,【普陀曹杨路】中山北路2900号 东方国际元中大厦C座,lisa,微信其他入口
L10976,5月9日新高一_总部,sisiwuxi,15601956186,初二（2026年中考）,1,【浦东蓝村路】蓝村路站 富都广场,sisiwuxi,微信其他入口
L10977,5月9日新高一_总部,一妈,13774224983,初三（2025年中考）,1,【直播课】专属助教答疑督学,一妈,微信其他入口
L10978,5月9日新高一_总部,Audrey,18616535621,初三（2025年中考）,2,【徐汇日月光】漕溪路280号 汇腾广场,Audrey,微信其他入口
L10979,5月9日新高一_总部,灵水清盈,13585955561,初三（2025年中考）,1,【闵行莲花路】沪闵路7876号 胜富仁大厦,灵水清盈,微信其他入口
L10980,5月9日新高一_总部,唐成,18516298679,初二（2026年中考）,2,【闵行七宝】地铁9号线七宝站1 汇宝广场,唐成,微信其他入口
L10981,5月9日新高一_总部,王斐,18116081822,初三（2025年中考）,1,【直播课】专属助教答疑督学,王斐,微信其他入口
L10982,5月9日新高一_总部,Shirley Yang 杨蕾,13671828891,初三（2025年中考）,1,【直播课】专属助教答疑督学,Shirley Yang 杨蕾,微信其他入口
L10983,5月9日新高一_总部,品味人生,18717736127,初三（2025年中考）,2,【普陀曹杨路】中山北路2900号 东方国际元中大厦C座,品味人生,长按识别二维码
L10984,5月9日新高一_总部,默默,13918693867,初三（2025年中考）,1,【普陀曹杨路】中山北路2900号 东方国际元中大厦C座,默默,微信其他入口
L10985,5月9日新高一_总部,糖果,15801877876,初二（2026年中考）,2,【浦东蓝村路】蓝村路站 富都广场,糖果,微信其他入口
L10986,5月9日新高一_总部,小雨点,13917999125,初三（2025年中考）,1,【杨浦五角场】地铁10号线 江湾体育场站,小雨点,长按识别二维码
L10987,5月9日新高一_总部,毛哲峰,13601753978,初三（2025年中考）,1,【杨浦五角场】地铁10号线 江湾体育场站,毛哲峰,微信其他入口
L10988,5月9日新高一_总部,Jenny陈陈,13611992609,初二（2026年中考）,1,【杨浦江浦路】江浦路1500号(近控江路) 智慧树创意园区,李想,长按识别二维码
L10989,5月9日新高一_总部,prettydog,13764523078,初三（2025年中考）,1,【直播课】专属助教答疑督学,prettydog,微信其他入口
L10990,5月9日新高一_总部,胡女士,18717925920,初三（2025年中考）,2,【闵行莲花路】沪闵路7876号 胜富仁大厦,胡女士,微信其他入口
L10991,5月9日新高一_总部,高妈妈,13916942870,初三（2025年中考）,1,【杨浦江浦路】江浦路1500号(近控江路) 智慧树创意园区,高妈妈,长按识别二维码
L10992,5月9日新高一_总部,飞哥飞哥,13501879833,初三（2025年中考）,2,【直播课】专属助教答疑督学,飞哥飞哥,微信其他入口
L10993,5月9日新高一_总部,瑶瑶妈妈,13472560075,初三（2025年中考）,2,【浦东八佰伴】地铁9号线 商城路站,瑶瑶妈妈,微信其他入口
L10994,5月9日新高一_总部,郁雨,13564294982,初三（2025年中考）,1,【浦东八佰伴】地铁9号线 商城路站,郁雨,微信其他入口
L10995,5月9日新高一_总部,大燕子,13816576421,初三（2025年中考）,1,【杨浦五角场】地铁10号线 江湾体育场站,大燕子,微信其他入口
L10996,5月9日新高一_总部,苏女士,18918593278,初三（2025年中考）,1,【闵行莲花路】沪闵路7876号 胜富仁大厦,苏女士,微信其他入口
L10998,5月9日新高一_总部,董军,13816973896,初三（2025年中考）,1,【直播课】专属助教答疑督学,董军,微信其他入口
L11000,5月9日新高一_总部,孙女士,15921743800,初一（2027年中考）,1,【直播课】专属助教答疑督学,孙女士,微信其他入口
L11001,5月9日新高一_总部,俊,13816892732,初二（2026年中考）,1,【普陀曹杨路】中山北路2900号 东方国际元中大厦C座,俊,微信其他入口
L11002,5月9日新高一_总部,乐悠悠妈妈,13917467202,初三（2025年中考）,1,【浦东八佰伴】地铁9号线 商城路站,乐悠悠妈妈,微信其他入口
L11003,5月9日新高一_总部,周,13917907375,初三（2025年中考）,1,【直播课】专属助教答疑督学,周,微信其他入口
L11004,5月9日新高一_总部,陆女士,13817417858,初三（2025年中考）,2,【直播课】专属助教答疑督学,陆女士,微信其他入口
L11005,5月9日新高一_总部,jaresu,13816557065,初三（2025年中考）,1,【杨浦江浦路】江浦路1500号(近控江路) 智慧树创意园区,苏先生,微信其他入口
L11006,5月9日新高一_总部,刘文秀15202192907,15202192907,初三（2025年中考）,2,【浦东蓝村路】蓝村路站 富都广场,刘文秀15202192907,长按识别二维码
L11007,5月9日新高一_总部,小丸子,18227884063,初三（2025年中考）,1,【浦东金桥】地铁6号线 金桥路站,小丸子,微信其他入口
L11008,5月9日新高一_总部,徐慧,13564113145,初三（2025年中考）,1,【杨浦江浦路】江浦路1500号(近控江路) 智慧树创意园区,徐慧,微信其他入口
L11009,5月9日新高一_总部,群群,13817798271,初三（2025年中考）,1,【直播课】专属助教答疑督学,群群,微信其他入口
L11010,5月9日新高一_总部,小何妈妈,13501849672,初三（2025年中考）,1,【徐汇日月光】漕溪路280号 汇腾广场,小何妈妈,微信其他入口
L11011,5月9日新高一_总部,周,13122747187,初三（2025年中考）,2,【直播课】专属助教答疑督学,周,微信其他入口
L11012,5月9日新高一_总部,王姐,18019458508,初三（2025年中考）,1,【直播课】专属助教答疑督学,王姐,微信其他入口
L11013,5月9日新高一_总部,陈,13818577358,初三（2025年中考）,1,【浦东金桥】地铁6号线 金桥路站,陈,微信其他入口
L11014,5月9日新高一_总部,徐女士,13764673272,初三（2025年中考）,1,【徐汇环贸】东湖路9号,徐女士,微信其他入口
L11015,5月9日新高一_总部,谢,18918851207,初三（2025年中考）,2,【普陀曹杨路】中山北路2900号 东方国际元中大厦C座,谢,长按识别二维码
L11016,5月9日新高一_总部,韩女士,13636652001,初二（2026年中考）,1,【杨浦江浦路】江浦路1500号(近控江路) 智慧树创意园区,汤子涵,长按识别二维码
L11017,5月9日新高一_总部,侯侯,13482295852,初二（2026年中考）,2,【浦东金桥】地铁6号线 金桥路站,侯侯,微信其他入口
L11018,5月9日新高一_总部,王晓玉,13501846648,初三（2025年中考）,1,【浦东八佰伴】地铁9号线 商城路站,王晓玉,微信其他入口
L11019,5月9日新高一_总部,叶,19916758779,初三（2025年中考）,1,【浦东八佰伴】地铁9号线 商城路站,叶,长按识别二维码
L11020,5月9日新高一_总部,静,15900964033,初三（2025年中考）,1,【杨浦江浦路】江浦路1500号(近控江路) 智慧树创意园区,静,微信其他入口
L11021,5月9日新高一_总部,敏,13816006930,初三（2025年中考）,1,【普陀曹杨路】中山北路2900号 东方国际元中大厦C座,敏,长按识别二维码
L11022,5月9日新高一_总部,群华,13621601926,初三（2025年中考）,2,【闵行莲花路】沪闵路7876号 胜富仁大厦,群华,长按识别二维码
L11023,5月9日新高一_总部,向扬妈妈,17740823990,初三（2025年中考）,1,【杨浦五角场】地铁10号线 江湾体育场站,向扬妈妈,微信其他入口
L11024,5月9日新高一_总部,勤勤恳恳的饲养员,18101812390,初三（2025年中考）,1,【浦东金桥】地铁6号线 金桥路站,谭女士,微信其他入口
L11025,5月9日新高一_总部,颖颖,13585868477,初三（2025年中考）,1,【浦东蓝村路】蓝村路站 富都广场,颖颖,微信其他入口
L11026,5月9日新高一_总部,IvyJiang,13651747632,初三（2025年中考）,1,【直播课】专属助教答疑督学,IvyJiang,微信其他入口
L11027,5月9日新高一_总部,周,15800815969,初三（2025年中考）,2,【杨浦江浦路】江浦路1500号(近控江路) 智慧树创意园区,周,长按识别二维码
L11028,5月9日新高一_总部,彭女士,13046633938,初三（2025年中考）,1,【普陀曹杨路】中山北路2900号 东方国际元中大厦C座,彭女士,微信其他入口
L11029,5月9日新高一_总部,朱冬冬,13621791395,初三（2025年中考）,1,【浦东金桥】地铁6号线 金桥路站,朱冬冬,微信其他入口
L11030,5月9日新高一_总部,姚,13917894782,初三（2025年中考）,1,【浦东八佰伴】地铁9号线 商城路站,姚,微信其他入口
L11031,5月9日新高一_总部,许,15902140919,初三（2025年中考）,2,【徐汇日月光】漕溪路280号 汇腾广场,许,微信其他入口
L11032,5月9日新高一_总部,薰衣草,15821484355,初三（2025年中考）,1,【浦东金桥】地铁6号线 金桥路站,薰衣草,长按识别二维码
L11033,5月9日新高一_总部,hunterxlj,13761432502,初三（2025年中考）,1,【闵行七宝】地铁9号线七宝站1 汇宝广场,hunterxlj,微信其他入口
L11034,5月9日新高一_总部,Joshua陆,18019002085,初三（2025年中考）,2,【杨浦五角场】地铁10号线 江湾体育场站,陆艺华,微信其他入口
L11035,5月9日新高一_总部,Joyce,13916638969,初三（2025年中考）,1,【浦东金桥】地铁6号线 金桥路站,Joyce,微信其他入口
L11036,5月9日新高一_总部,李女士,13482564599,初三（2025年中考）,1,【浦东蓝村路】蓝村路站 富都广场,李女士,微信其他入口
L11037,5月9日新高一_总部,小渔妈妈,13916383646,初三（2025年中考）,2,【浦东蓝村路】蓝村路站 富都广场,小渔妈妈,微信其他入口
L11038,5月9日新高一_总部,颢妈,13601650862,初三（2025年中考）,1,【浦东八佰伴】地铁9号线 商城路站,颢妈,长按识别二维码
L11039,5月9日新高一_总部,YOYO,18049861618,初三（2025年中考）,1,【浦东蓝村路】蓝村路站 富都广场,YOYO,微信其他入口
L11040,5月9日新高一_总部,周虹,13611842552,初三（2025年中考）,2,【浦东蓝村路】蓝村路站 富都广场,周虹,微信其他入口
L11041,5月9日新高一_总部,冠冠,18017211656,初三（2025年中考）,1,【浦东金桥】地铁6号线 金桥路站,张,微信其他入口
L11043,5月9日新高一_总部,吴女士,18616897891,初三（2025年中考）,1,【浦东八佰伴】地铁9号线 商城路站,吴女士,微信其他入口
L11046,5月9日新高一_总部,Effie,13585523506,初三（2025年中考）,1,【浦东八佰伴】地铁9号线 商城路站,Effie,微信其他入口
L11047,5月9日新高一_总部,咖啡加牛奶,13818656034,初三（2025年中考）,1,【闵行七宝】地铁9号线七宝站1 汇宝广场,咖啡加牛奶,长按识别二维码
L11049,5月9日新高一_总部,二月东楼,13818248384,初三（2025年中考）,2,【闵行七宝】地铁9号线七宝站1 汇宝广场,二月东楼,长按识别二维码
L11050,5月9日新高一_总部,anglerS,13816257480,初三（2025年中考）,2,【闵行七宝】地铁9号线七宝站1 汇宝广场,anglerS,长按识别二维码
L11051,5月9日新高一_总部_公众号,蔡若芸,13917404567,初二（2026年中考）,1,【直播课】专属助教答疑督学,蔡若芸,长按识别二维码
L11053,5月9日新高一_总部,Miya,18121064242,初三（2025年中考）,1,【浦东金桥】地铁6号线 金桥路站,Miya,微信其他入口
L11054,5月9日新高一_总部,顾妈,18621732676,初三（2025年中考）,1,【浦东蓝村路】蓝村路站 富都广场,顾妈妈,微信其他入口
L11056,5月9日新高一_程大帅,刘娟,17717055929,初二（2026年中考）,1,【闵行莲花路】沪闵路7876号 胜富仁大厦,刘娟,长按识别二维码
L11057,5月9日新高一_总部,高,18019430920,初二（2026年中考）,1,【杨浦江浦路】江浦路1500号(近控江路) 智慧树创意园区,冯高晔,长按识别二维码
L11058,5月9日新高一_校区_环贸,希辣,18918482302,初三（2025年中考）,2,【直播课】专属助教答疑督学,希辣,长按识别二维码
L11059,5月9日新高一_总部,小面包的妈妈,13817918612,初三（2025年中考）,2,【直播课】专属助教答疑督学,小面包的妈妈,微信其他入口
L11060,5月9日新高一_总部,希辣,18918482302,初三（2025年中考）,2,【直播课】专属助教答疑督学,希辣,微信其他入口
L11061,5月9日新高一_总部_公众号,施先生,18501675229,初三（2025年中考）,1,【徐汇日月光】漕溪路280号 汇腾广场,施先生,长按识别二维码
L11062,5月9日新高一_总部,岚～,15618080863,初三（2025年中考）,1,【杨浦江浦路】江浦路1500号(近控江路) 智慧树创意园区,岚～,微信其他入口
L11063,5月9日新高一_品牌,秦女士,13818529203,初三（2025年中考）,2,【闵行莲花路】沪闵路7876号 胜富仁大厦,秦女士,长按识别二维码
L11064,5月9日新高一_总部,骆,15090877643,初三（2025年中考）,1,【直播课】专属助教答疑督学,骆,微信其他入口
L11065,5月9日新高一_总部,婉懿妈妈,13817955394,初三（2025年中考）,2,【徐汇环贸】东湖路9号,婉懿妈妈,微信其他入口
L11069,5月9日新高一_校区_日月光,方小奕,18917619500,初三（2025年中考）,1,【直播课】专属助教答疑督学,方小奕,长按识别二维码
L11070,5月9日新高一_总部,赵,18964531317,初三（2025年中考）,1,【直播课】专属助教答疑督学,赵,微信其他入口
L11071,5月9日新高一_总部,凌云,18915251618,初三（2025年中考）,2,【徐汇环贸】东湖路9号,凌云,长按识别二维码
L11072,5月9日新高一_总部,邹,18001840812,初三（2025年中考）,1,【直播课】专属助教答疑督学,邹,微信其他入口
L11073,5月9日新高一_总部,张乐乐,13818378341,初三（2025年中考）,2,【浦东蓝村路】蓝村路站 富都广场,张乐乐,微信其他入口
L11074,5月9日新高一_总部,lu,18917952319,初三（2025年中考）,2,【闵行莲花路】沪闵路7876号 胜富仁大厦,lu,长按识别二维码
L11075,5月9日新高一_总部,（楠楠）迦雯,13917038291,初三（2025年中考）,1,【浦东蓝村路】蓝村路站 富都广场,（楠楠）迦雯,微信其他入口
L11077,5月9日新高一_总部,沈薇,18019020820,初三（2025年中考）,1,【闵行莲花路】沪闵路7876号 胜富仁大厦,沈薇,长按识别二维码
L11078,5月9日新高一_总部,崔,18621820458,初二（2026年中考）,1,【直播课】专属助教答疑督学,崔,微信其他入口
L11079,5月9日新高一_总部,尹俏,13671863465,初三（2025年中考）,2,【闵行莲花路】沪闵路7876号 胜富仁大厦,尹俏,长按识别二维码
L11082,5月9日新高一_总部,汪小姐,15618662060,初三（2025年中考）,1,【杨浦五角场】地铁10号线 江湾体育场站,汪女士,微信其他入口
L11083,5月9日新高一_总部,圆全,13681858605,初三（2025年中考）,2,【直播课】专属助教答疑督学,圆全,微信其他入口
L11084,5月9日新高一_总部,王女士,13681647407,初三（2025年中考）,1,【直播课】专属助教答疑督学,王女士,微信其他入口
L11085,5月9日新高一_总部,王女士,13585859636,初三（2025年中考）,1,【直播课】专属助教答疑督学,王女士,长按识别二维码
L11086,5月9日新高一_总部,豆妈,13764340491,初三（2025年中考）,1,【浦东八佰伴】地铁9号线 商城路站,豆妈,长按识别二维码
L11088,5月9日新高一_总部,Julie GU,18616310346,初三（2025年中考）,1,【浦东蓝村路】蓝村路站 富都广场,Julie GU,长按识别二维码
L11089,5月9日新高一_总部,朱先生,15801780032,初三（2025年中考）,2,【直播课】专属助教答疑督学,朱先生,长按识别二维码
L11090,5月9日新高一_总部,杨女士,13917680926,初三（2025年中考）,1,【浦东蓝村路】蓝村路站 富都广场,杨女士,长按识别二维码
L11091,5月9日新高一_总部,郗岳,13918419208,初三（2025年中考）,1,【徐汇日月光】漕溪路280号 汇腾广场,郗岳,微信其他入口
L11092,5月9日新高一_总部,王女士,15021476880,初一（2027年中考）,1,【杨浦五角场】地铁10号线 江湾体育场站,王女士,微信其他入口
L11094,5月9日新高一_总部,袁举辉,13918436486,初三（2025年中考）,1,【直播课】专属助教答疑督学,袁举辉,微信其他入口
L11095,5月9日新高一_总部,倪小姐,18918207876,初三（2025年中考）,1,【浦东八佰伴】地铁9号线 商城路站,倪小姐,长按识别二维码
L11096,5月9日新高一_总部,乐妈,13817965534,初三（2025年中考）,1,【徐汇环贸】东湖路9号,乐妈,微信其他入口
L11097,5月9日新高一_总部,Rain,13611981301,初三（2025年中考）,1,【浦东蓝村路】蓝村路站 富都广场,Rain,微信其他入口
L11098,5月9日新高一_总部_公众号,陈先生,13341707271,初三（2025年中考）,1,【闵行七宝】地铁9号线七宝站1 汇宝广场,陈先生,长按识别二维码
L11099,5月9日新高一_总部,钱慧,13816344320,初三（2025年中考）,1,【直播课】专属助教答疑督学,钱慧,微信其他入口
L11100,5月9日新高一_品牌,程庆生,13918381201,初三（2025年中考）,1,【杨浦江浦路】江浦路1500号(近控江路) 智慧树创意园区,程庆生,长按识别二维码
L11101,5月9日新高一_总部,夏女士,13918456791,初三（2025年中考）,2,【闵行七宝】地铁9号线七宝站1 汇宝广场,夏女士,长按识别二维码
L11102,5月9日新高一_总部,丁,13661873146,初三（2025年中考）,1,【徐汇日月光】漕溪路280号 汇腾广场,金,长按识别二维码
L11103,5月9日新高一_总部,张美娟,13621727823,初三（2025年中考）,1,【杨浦江浦路】江浦路1500号(近控江路) 智慧树创意园区,张美娟,微信其他入口
L11105,5月9日新高一_总部,姚盛涵爸爸,13901852815,初三（2025年中考）,2,【闵行七宝】地铁9号线七宝站1 汇宝广场,姚盛涵爸爸,微信其他入口
L11106,5月9日新高一_校区_八佰伴,杨玉鹏,13661947250,初三（2025年中考）,1,【直播课】专属助教答疑督学,杨玉鹏,长按识别二维码
L11107,5月9日新高一_总部,熊熊,13585548342,初三（2025年中考）,1,【闵行莲花路】沪闵路7876号 胜富仁大厦,果妈,微信其他入口
L11108,5月9日新高一_校区_蓝村路,袁妈妈,13641684176,初三（2025年中考）,1,【浦东蓝村路】蓝村路站 富都广场,袁女士,长按识别二维码
L11109,5月9日新高一_总部,坤坤妈妈,18621810362,初三（2025年中考）,1,【浦东八佰伴】地铁9号线 商城路站,坤坤妈妈,微信其他入口
L11111,5月9日新高一_总部,王莹,18917844438,初三（2025年中考）,1,【浦东八佰伴】地铁9号线 商城路站,王莹,长按识别二维码
L11112,5月9日新高一_总部_公众号,孙女士,13585814516,初三（2025年中考）,1,【直播课】专属助教答疑督学,孙女士,长按识别二维码
L11113,5月9日新高一_校区_八佰伴,杨叶群,13301815867,初二（2026年中考）,1,【普陀曹杨路】中山北路2900号 东方国际元中大厦C座,杨叶群,长按识别二维码
L11114,5月9日新高一_总部_公众号,Grace（陈玲涓）,13761700961,初三（2025年中考）,2,【浦东蓝村路】蓝村路站 富都广场,Grace（陈玲涓）,长按识别二维码
L11115,5月9日新高一_校区_金桥,SLW,13671629925,初三（2025年中考）,1,【浦东金桥】地铁6号线 金桥路站,SLW,从相册选取二维码
L11116,5月9日新高一_校区_环贸,王莹,18917844438,初三（2025年中考）,1,【浦东八佰伴】地铁9号线 商城路站,王莹,长按识别二维码
L11117,5月9日新高一_总部_公众号,张小姐,13391158475,初三（2025年中考）,1,【杨浦江浦路】江浦路1500号(近控江路) 智慧树创意园区,张小姐,长按识别二维码
L11118,5月9日新高一_校区_蓝村路,蒋先生,17601582495,初三（2025年中考）,1,【浦东八佰伴】地铁9号线 商城路站,蒋先生,长按识别二维码
L11121,5月9日新高一_校区_蓝村路,邹常清,13402120731,初三（2025年中考）,1,【浦东蓝村路】蓝村路站 富都广场,Eddie,长按识别二维码
L11123,5月9日新高一_校区_七宝,Alice,13917947057,初三（2025年中考）,1,【闵行七宝】地铁9号线七宝站1 汇宝广场,Alice,从相册选取二维码
L11124,5月9日新高一_校区_曹杨路,奚子雯,15901655217,初三（2025年中考）,1,【直播课】专属助教答疑督学,奚子雯,长按识别二维码
L11125,5月9日新高一_总部,yuyu1002,15921402517,初三（2025年中考）,1,【杨浦江浦路】江浦路1500号(近控江路) 智慧树创意园区,陈,微信其他入口
L11126,5月9日新高一_渠道_知伴1,吴女士,13818392660,初三（2025年中考）,1,【直播课】专属助教答疑督学,吴女士,长按识别二维码
L11128,5月9日新高一_总部,郭泽风,13764382030,初三（2025年中考）,1,【徐汇环贸】东湖路9号,胡珊,微信其他入口
L11129,5月9日新高一_总部,孔女士,13816883193,初三（2025年中考）,1,【浦东蓝村路】蓝村路站 富都广场,孔女士,微信其他入口
L11130,5月9日新高一_知伴社群,孩子妈,18721990735,初三（2025年中考）,1,【直播课】专属助教答疑督学,孩子妈,长按识别二维码
L11134,5月9日新高一_知伴社群,果妈13795489627,13795489627,初三（2025年中考）,1,【普陀曹杨路】中山北路2900号 东方国际元中大厦C座,果妈13795489627,长按识别二维码
L11135,5月9日新高一_总部,方,18018667379,初二（2026年中考）,1,【闵行莲花路】沪闵路7876号 胜富仁大厦,方,长按识别二维码
L11136,5月9日新高一_总部,妞妞外婆,13818321017,初二（2026年中考）,2,【徐汇日月光】漕溪路280号 汇腾广场,妞妞外婆,微信其他入口
L11137,5月9日新高一_知伴社群,小酒窝,15316015528,初二（2026年中考）,1,【徐汇日月光】漕溪路280号 汇腾广场,Yetta,长按识别二维码
L11138,5月9日新高一_知伴社群,小酒窝,13611995490,初二（2026年中考）,1,【徐汇环贸】东湖路9号,Yetta,长按识别二维码
L11140,5月9日新高一_知伴社群,贝拉,13788989003,初三（2025年中考）,2,【徐汇日月光】漕溪路280号 汇腾广场,贝拉,长按识别二维码
L11141,5月9日新高一_校区_江浦路,丁丁,13701923219,初三（2025年中考）,1,【杨浦江浦路】江浦路1500号(近控江路) 智慧树创意园区,丁,长按识别二维码
L11142,5月9日新高一_总部,赵妈妈,13761312625,初三（2025年中考）,1,【直播课】专属助教答疑督学,赵妈妈,长按识别二维码
L11143,5月9日新高一_总部,许杰,17321183681,初三（2025年中考）,1,【闵行莲花路】沪闵路7876号 胜富仁大厦,许杰,微信扫一扫
L11144,5月9日新高一_总部,菱角,13817269592,初三（2025年中考）,1,【浦东金桥】地铁6号线 金桥路站,菱角,长按识别二维码
L11146,5月9日新高一_总部,陈泡爸爸,13916106972,初二（2026年中考）,1,【浦东金桥】地铁6号线 金桥路站,陈泡爸爸,长按识别二维码
L11147,5月9日新高一_校区_日月光,季女士,13761686881,初三（2025年中考）,1,【徐汇日月光】漕溪路280号 汇腾广场,季女士,长按识别二维码
L11148,5月9日新高一_总部,牛妈,18621909963,初三（2025年中考）,1,【浦东蓝村路】蓝村路站 富都广场,牛妈,微信其他入口
L11149,5月9日新高一_总部,朱妈妈,13512191220,初三（2025年中考）,1,【直播课】专属助教答疑督学,朱妈妈,长按识别二维码
L11294,5月9日新高一_总部_公众号,丁丁,13918205228,初一（2027年中考）,1,【杨浦江浦路】江浦路1500号(近控江路) 智慧树创意园区,丁丁,长按识别二维码
L11300,5月9日新高一_总部,婕妤,17321351728,初三（2025年中考）,2,【直播课】专属助教答疑督学,婕妤,微信其他入口
L11301,5月9日新高一_程大帅,艾米妈妈,13512189339,初三（2025年中考）,2,【徐汇日月光】漕溪路280号 汇腾广场,艾米妈妈,长按识别二维码
L11306,5月9日新高一_总部,Phoebe,13816550934,初三（2025年中考）,1,【浦东八佰伴】地铁9号线 商城路站,Phoebe,微信其他入口
L11307,5月9日新高一_程大帅,Amy,13681784568,初三（2025年中考）,2,【徐汇日月光】漕溪路280号 汇腾广场,Amy,长按识别二维码
L11311,5月9日新高一_总部,有肉的幸福生活,15026666668,初三（2025年中考）,1,【直播课】专属助教答疑督学,有肉的幸福生活,长按识别二维码
L11314,5月9日新高一_总部,xuxuxyf,13916708243,初三（2025年中考）,1,【浦东蓝村路】蓝村路站 富都广场,xuxuxyf,长按识别二维码
L11318,5月9日新高一_总部_公众号,悦悦妈,18019308700,初三（2025年中考）,1,【杨浦江浦路】江浦路1500号(近控江路) 智慧树创意园区,悦悦妈,从相册选取二维码
L11319,5月9日新高一_品牌,Vicky 常,13764149777,初三（2025年中考）,2,【普陀曹杨路】中山北路2900号 东方国际元中大厦C座,Vicky 常,长按识别二维码
L11324,5月9日新高一_知伴社群,周,13122005021,初三（2025年中考）,2,【浦东金桥】地铁6号线 金桥路站,周,长按识别二维码
L11326,5月9日新高一_知伴社群,王玉梅,13661640938,初三（2025年中考）,1,【杨浦江浦路】江浦路1500号(近控江路) 智慧树创意园区,陈希德妈妈,长按识别二维码
L11327,5月9日新高一_知伴社群,康先生,13611775553,初三（2025年中考）,1,【浦东金桥】地铁6号线 金桥路站,康先生,长按识别二维码
L11329,5月9日新高一_知伴社群,陶女士,15000760608,初三（2025年中考）,2,【徐汇日月光】漕溪路280号 汇腾广场,陶女士,长按识别二维码
L11330,5月9日新高一_知伴社群,（楠楠）迦雯,13917038291,初三（2025年中考）,1,【浦东蓝村路】蓝村路站 富都广场,（楠楠）迦雯,长按识别二维码
L11333,5月9日新高一_总部,张先生,13671982189,初三（2025年中考）,1,【徐汇日月光】漕溪路280号 汇腾广场,张先生,长按识别二维码
L11334,5月9日新高一_校区_曹杨路,朱女士,13918301898,初一（2027年中考）,1,【普陀曹杨路】中山北路2900号 东方国际元中大厦C座,朱女士,长按识别二维码
L11335,5月9日新高一_总部,朱俊,13795236163,初三（2025年中考）,1,【浦东蓝村路】蓝村路站 富都广场,朱俊,长按识别二维码
L11338,5月9日新高一_渠道_哈童,金女士,18221023569,初三（2025年中考）,1,【浦东八佰伴】地铁9号线 商城路站,金女士,长按识别二维码
L11340,5月9日新高一_总部,金蝶-RITA,13817156731,初三（2025年中考）,1,【浦东八佰伴】地铁9号线 商城路站,金蝶-RITA,长按识别二维码
L11342,5月9日新高一_校区_日月光,一妈,13817220883,初二（2026年中考）,1,【徐汇日月光】漕溪路280号 汇腾广场,一一,长按识别二维码
L11346,5月9日新高一_知伴社群,尤尤,13817746065,初三（2025年中考）,1,【浦东金桥】地铁6号线 金桥路站,尤尤,长按识别二维码
L11347,5月9日新高一_知伴社群,赵永峰,13817279271,初三（2025年中考）,1,【浦东蓝村路】蓝村路站 富都广场,赵永峰,长按识别二维码
L11348,5月9日新高一_知伴社群,钟女士,13585773047,初三（2025年中考）,1,【普陀曹杨路】中山北路2900号 东方国际元中大厦C座,钟女士,长按识别二维码
L11349,5月9日新高一_知伴社群,春芽,18917843274,初三（2025年中考）,1,【闵行莲花路】沪闵路7876号 胜富仁大厦,春芽,长按识别二维码
L11350,5月9日新高一_知伴社群,黄先生,15821166965,初三（2025年中考）,1,【普陀曹杨路】中山北路2900号 东方国际元中大厦C座,黄先生,长按识别二维码
L11351,5月9日新高一_知伴社群,沈女士,13918834318,初三（2025年中考）,2,【闵行七宝】地铁9号线七宝站1 汇宝广场,沈女士,长按识别二维码
L11352,5月9日新高一_知伴社群,Lynn,13917454330,初三（2025年中考）,1,【直播课】专属助教答疑督学,Lynn,长按识别二维码
L11356,5月9日新高一_知伴社群,张晓芳,13758752227,初三（2025年中考）,1,【普陀曹杨路】中山北路2900号 东方国际元中大厦C座,张晓芳,长按识别二维码
L11357,5月9日新高一_知伴社群,Berry,18616383740,初三（2025年中考）,1,【闵行七宝】地铁9号线七宝站1 汇宝广场,Berry,长按识别二维码
L11358,5月9日新高一_知伴社群,伟,13705809603,初三（2025年中考）,1,【杨浦五角场】地铁10号线 江湾体育场站,伟,长按识别二维码
L11359,5月9日新高一_知伴社群,冯女士,18621160779,初三（2025年中考）,1,【浦东蓝村路】蓝村路站 富都广场,冯女士,长按识别二维码
L11360,5月9日新高一_知伴社群,情暖暖,15221083467,初三（2025年中考）,2,【直播课】专属助教答疑督学,情暖暖,长按识别二维码
L11361,5月9日新高一_知伴社群,栀玉,15221177183,初三（2025年中考）,1,【普陀曹杨路】中山北路2900号 东方国际元中大厦C座,栀玉,长按识别二维码
L11362,5月9日新高一_知伴社群,张,18930647526,初三（2025年中考）,1,【浦东金桥】地铁6号线 金桥路站,张,长按识别二维码
L11363,5月9日新高一_知伴社群,李女士,15800342803,初三（2025年中考）,1,【浦东蓝村路】蓝村路站 富都广场,李女士,长按识别二维码
L11364,5月9日新高一_知伴社群,佳佳妈,13611702248,初三（2025年中考）,1,【闵行莲花路】沪闵路7876号 胜富仁大厦,佳佳妈,长按识别二维码
L11365,5月9日新高一_知伴社群,Cོhris汀丁,13817066800,初三（2025年中考）,1,【徐汇日月光】漕溪路280号 汇腾广场,Cོhris汀丁????,长按识别二维码
L11366,5月9日新高一_知伴社群,Daniela,13524356637,初三（2025年中考）,1,【直播课】专属助教答疑督学,Daniela,长按识别二维码
L11367,5月9日新高一_知伴社群,益安,13788987593,初三（2025年中考）,1,【徐汇环贸】东湖路9号,益安,长按识别二维码
L11368,5月9日新高一_知伴社群,陈wj,13818066872,初三（2025年中考）,2,【直播课】专属助教答疑督学,陈wj,长按识别二维码
L11369,5月9日新高一_知伴社群,古月,13917903356,初三（2025年中考）,1,【杨浦江浦路】江浦路1500号(近控江路) 智慧树创意园区,古月,长按识别二维码
L11370,5月9日新高一_知伴社群,丽莎,13661806739,初三（2025年中考）,1,【徐汇日月光】漕溪路280号 汇腾广场,丽莎,长按识别二维码
L11371,5月9日新高一_总部,Daniela,13524356637,初三（2025年中考）,1,【直播课】专属助教答疑督学,Daniela,微信其他入口
L11372,5月9日新高一_知伴社群,荣荣,13916717792,初三（2025年中考）,2,【浦东金桥】地铁6号线 金桥路站,荣荣,长按识别二维码
L11373,5月9日新高一_知伴社群,顾妈妈,13818045317,初三（2025年中考）,1,【浦东蓝村路】蓝村路站 富都广场,顾妈妈,长按识别二维码
L11374,5月9日新高一_知伴社群,Joyce,18516200338,初三（2025年中考）,2,【浦东金桥】地铁6号线 金桥路站,Joyce,长按识别二维码
L11375,5月9日新高一_知伴社群,施,18117306166,初三（2025年中考）,1,【浦东金桥】地铁6号线 金桥路站,施,长按识别二维码
L11376,5月9日新高一_知伴社群,施女士,13917560563,初三（2025年中考）,2,【杨浦五角场】地铁10号线 江湾体育场站,施女士,长按识别二维码
L11377,5月9日新高一_知伴社群,郑乾,13917414182,初二（2026年中考）,1,【浦东金桥】地铁6号线 金桥路站,张笑弛,长按识别二维码
L11378,5月9日新高一_知伴社群,汲洱,18621196695,初二（2026年中考）,2,【直播课】专属助教答疑督学,汲洱,长按识别二维码
L11379,5月9日新高一_知伴社群,小溪,13701778310,初三（2025年中考）,1,【直播课】专属助教答疑督学,小溪,长按识别二维码
L11380,5月9日新高一_知伴社群,mAggiE 🧡,18601670099,初三（2025年中考）,1,【浦东金桥】地铁6号线 金桥路站,mAggiE ????,长按识别二维码
L11381,5月9日新高一_校区_曹杨路,潘,13816685366,初三（2025年中考）,1,【普陀曹杨路】中山北路2900号 东方国际元中大厦C座,潘,长按识别二维码
L11382,5月9日新高一_知伴社群,珂,13764183631,初三（2025年中考）,1,【普陀曹杨路】中山北路2900号 东方国际元中大厦C座,珂,长按识别二维码
L11383,5月9日新高一_知伴社群,Kinki,18501651380,初三（2025年中考）,1,【浦东蓝村路】蓝村路站 富都广场,Kinki,长按识别二维码
L11384,5月9日新高一_知伴社群,vivian,18616980630,初三（2025年中考）,2,【浦东金桥】地铁6号线 金桥路站,vivian,微信扫一扫
L11385,5月9日新高一_知伴社群,周女士,13917157816,初三（2025年中考）,2,【浦东八佰伴】地铁9号线 商城路站,周女士,长按识别二维码
L11386,5月9日新高一_知伴社群,南城半夏,13651693586,初三（2025年中考）,2,【直播课】专属助教答疑督学,南城半夏,长按识别二维码
L11387,5月9日新高一_知伴社群,Mandy,18018676707,初三（2025年中考）,1,【普陀曹杨路】中山北路2900号 东方国际元中大厦C座,Mandy,长按识别二维码
L11388,5月9日新高一_知伴社群,瞿女士,13564640271,初三（2025年中考）,1,【杨浦江浦路】江浦路1500号(近控江路) 智慧树创意园区,小顾的妈咪,长按识别二维码
L11389,5月9日新高一_知伴社群,孙女士,13819062980,初三（2025年中考）,2,【浦东蓝村路】蓝村路站 富都广场,孙女士,长按识别二维码
L11390,5月9日新高一_知伴社群,11,13681827300,初三（2025年中考）,1,【闵行莲花路】沪闵路7876号 胜富仁大厦,11,长按识别二维码
L11391,5月9日新高一_知伴社群,李女士,13472547362,初三（2025年中考）,1,【直播课】专属助教答疑督学,李女士,长按识别二维码
L11392,5月9日新高一_知伴社群,胥女士,15900829494,初三（2025年中考）,1,【浦东金桥】地铁6号线 金桥路站,胥女士,长按识别二维码
L11394,5月9日新高一_知伴社群,Tina,13761635589,初三（2025年中考）,2,【直播课】专属助教答疑督学,Tina,长按识别二维码
L11395,5月9日新高一_知伴社群,黄女士,13817870450,初三（2025年中考）,1,【浦东蓝村路】蓝村路站 富都广场,黄女士,长按识别二维码
L11396,5月9日新高一_校区_日月光,阮晓钧,13611891699,初三（2025年中考）,1,【徐汇日月光】漕溪路280号 汇腾广场,阮晓钧,长按识别二维码
L11397,5月9日新高一_知伴社群,王飞飞,13918108467,初三（2025年中考）,1,【闵行七宝】地铁9号线七宝站1 汇宝广场,王飞飞,长按识别二维码
L11398,5月9日新高一_校区_七宝,付小姐,13816556937,初三（2025年中考）,1,【闵行七宝】地铁9号线七宝站1 汇宝广场,子轩,长按识别二维码
L11399,5月9日新高一_知伴社群,田敏,18621893700,初三（2025年中考）,1,【浦东金桥】地铁6号线 金桥路站,田敏,长按识别二维码
L11400,5月9日新高一_知伴社群,Penny,13801906081,初三（2025年中考）,2,【浦东金桥】地铁6号线 金桥路站,Penny,长按识别二维码
L11401,5月9日新高一_总部,明光,15221410256,初三（2025年中考）,1,【直播课】专属助教答疑督学,明光,微信其他入口
L11402,5月9日新高一_总部,yoyo,18616017828,初三（2025年中考）,1,【直播课】专属助教答疑督学,yoyo,微信其他入口
L11403,5月9日新高一_总部,曙光,18516396575,初三（2025年中考）,2,【普陀曹杨路】中山北路2900号 东方国际元中大厦C座,陈生,长按识别二维码
L11404,5月9日新高一_总部,姜女士,18018677728,初三（2025年中考）,2,【闵行莲花路】沪闵路7876号 胜富仁大厦,姜女士,微信其他入口
L11405,5月9日新高一_知伴社群,张艾琳,13918091634,初三（2025年中考）,1,【闵行莲花路】沪闵路7876号 胜富仁大厦,张艾琳,长按识别二维码
L11406,5月9日新高一_总部,Kitty@石事如意,17317873178,初三（2025年中考）,2,【直播课】专属助教答疑督学,Kitty@石事如意,微信其他入口
L11407,5月9日新高一_总部,Fisher,13774229151,初三（2025年中考）,1,【直播课】专属助教答疑督学,付先生,微信其他入口
L11408,5月9日新高一_总部,wpp,18930070736,初三（2025年中考）,1,【浦东蓝村路】蓝村路站 富都广场,wpp,微信其他入口
L11409,5月9日新高一_知伴社群,张女士,13918093526,初三（2025年中考）,1,【徐汇环贸】东湖路9号,张女士,长按识别二维码
L11410,5月9日新高一_知伴社群,Apple,13816920406,初二（2026年中考）,1,【普陀曹杨路】中山北路2900号 东方国际元中大厦C座,Apple,长按识别二维码
L11411,5月9日新高一_总部,李艳妮,15618691382,初三（2025年中考）,1,【直播课】专属助教答疑督学,李女士,长按识别二维码
L11412,5月9日新高一_总部,吴女士,15000667719,初三（2025年中考）,1,【普陀曹杨路】中山北路2900号 东方国际元中大厦C座,吴女士,微信其他入口
L11413,5月9日新高一_知伴社群,周女士,13701820201,初二（2026年中考）,1,【浦东八佰伴】地铁9号线 商城路站,周女士,长按识别二维码
L11414,5月9日新高一_总部,赵先生,15026586299,初三（2025年中考）,1,【浦东八佰伴】地铁9号线 商城路站,赵先生,微信其他入口
L11415,5月9日新高一_总部,不留痕迹的风,15821231048,初三（2025年中考）,2,【闵行七宝】地铁9号线七宝站1 汇宝广场,不留痕迹的风,微信其他入口
L11416,5月9日新高一_知伴社群,张先生,13816558653,初三（2025年中考）,1,【闵行七宝】地铁9号线七宝站1 汇宝广场,张先生,长按识别二维码
L11417,5月9日新高一_总部,周女士,13636338415,初二（2026年中考）,1,【闵行七宝】地铁9号线七宝站1 汇宝广场,周女士,微信其他入口
L11419,5月9日新高一_总部,郁金香,13928451680,初三（2025年中考）,1,【直播课】专属助教答疑督学,郁金香,微信其他入口
L11420,5月9日新高一_知伴社群,weiting,13311637026,初三（2025年中考）,1,【浦东八佰伴】地铁9号线 商城路站,weiting,长按识别二维码
L11421,5月9日新高一_总部,宜城奥特敏,13045631680,初三（2025年中考）,1,【直播课】专属助教答疑督学,宜城奥特敏,微信其他入口
L11422,5月9日新高一_总部,何女士,13061756363,初三（2025年中考）,2,【浦东金桥】地铁6号线 金桥路站,何女士,长按识别二维码
L11423,5月9日新高一_总部,刘,13472520274,初三（2025年中考）,2,【直播课】专属助教答疑督学,刘,微信其他入口
L11424,5月9日新高一_知伴社群,鲍女士,13816777609,初三（2025年中考）,2,【直播课】专属助教答疑督学,鲍女士,长按识别二维码
L11425,5月9日新高一_校区_七宝,刘女士,13818741779,初三（2025年中考）,1,【闵行七宝】地铁9号线七宝站1 汇宝广场,刘女士,长按识别二维码
L11426,5月9日新高一_总部,李女士,13816501082,初三（2025年中考）,2,【直播课】专属助教答疑督学,李女士,微信其他入口
L11427,5月9日新高一_总部,kk,18916349560,初三（2025年中考）,1,【徐汇环贸】东湖路9号,kk,长按识别二维码
L11428,5月9日新高一_总部,雯妈,18117283646,初三（2025年中考）,2,【浦东蓝村路】蓝村路站 富都广场,雯妈,长按识别二维码
L11430,5月9日新高一_总部,倪女士,13601770420,初二（2026年中考）,1,【闵行七宝】地铁9号线七宝站1 汇宝广场,倪女士,微信其他入口
L11431,5月9日新高一_知伴社群,朱女士,13564112668,初三（2025年中考）,2,【浦东八佰伴】地铁9号线 商城路站,朱女士,长按识别二维码
L11432,5月9日新高一_总部,圆,13585930020,初三（2025年中考）,1,【普陀曹杨路】中山北路2900号 东方国际元中大厦C座,圆,微信其他入口
L11433,5月9日新高一_知伴社群,张女士,13916597325,初二（2026年中考）,1,【浦东金桥】地铁6号线 金桥路站,张女士,长按识别二维码
L11434,5月9日新高一_总部,多多,15021131707,初三（2025年中考）,1,【直播课】专属助教答疑督学,多多,微信其他入口
L11435,5月9日新高一_总部,小猴张,13482103327,初三（2025年中考）,1,【直播课】专属助教答疑督学,小猴张,微信其他入口
L11436,5月9日新高一_总部,一扇窗,13917642830,初三（2025年中考）,2,【闵行莲花路】沪闵路7876号 胜富仁大厦,常女士,微信其他入口
L11437,5月9日新高一_校区_日月光,梁 淡定,18217163020,初三（2025年中考）,1,【普陀曹杨路】中山北路2900号 东方国际元中大厦C座,梁 淡定,长按识别二维码
L11438,5月9日新高一_总部,Luoluo,13661864752,初三（2025年中考）,1,【闵行七宝】地铁9号线七宝站1 汇宝广场,Luoluo,长按识别二维码
L11439,5月9日新高一_总部,肖女士,13916165339,初三（2025年中考）,1,【直播课】专属助教答疑督学,萍,微信其他入口
L11440,5月9日新高一_总部,王,13817642012,初三（2025年中考）,2,【普陀曹杨路】中山北路2900号 东方国际元中大厦C座,王,长按识别二维码
L11441,5月9日新高一_总部,A-小俞,13818919059,初三（2025年中考）,1,【闵行七宝】地铁9号线七宝站1 汇宝广场,A-小俞,微信其他入口
L11442,5月9日新高一_总部,王女士,15821393818,初三（2025年中考）,1,【普陀曹杨路】中山北路2900号 东方国际元中大厦C座,王女士,长按识别二维码
L11443,5月9日新高一_总部,卢芊帆,13386167575,初三（2025年中考）,1,【徐汇日月光】漕溪路280号 汇腾广场,卢芊帆,长按识别二维码
L11444,5月9日新高一_总部,张女士,18964619697,初三（2025年中考）,1,【浦东八佰伴】地铁9号线 商城路站,张女士,长按识别二维码
L11446,5月9日新高一_知伴社群,吴,13311762209,初三（2025年中考）,1,【徐汇日月光】漕溪路280号 汇腾广场,吴,微信扫一扫
L11447,5月9日新高一_校区_莲花路,Grace,15000691456,初三（2025年中考）,1,【闵行七宝】地铁9号线七宝站1 汇宝广场,Grace,长按识别二维码
L11449,5月9日新高一_总部,淼妈,18017004166,初三（2025年中考）,2,【浦东蓝村路】蓝村路站 富都广场,淼,长按识别二维码
L11451,5月9日新高一_总部,show张,13818622483,初三（2025年中考）,1,【闵行七宝】地铁9号线七宝站1 汇宝广场,show张,长按识别二维码
L11452,5月9日新高一_总部,姚女士,13817908790,初三（2025年中考）,1,【直播课】专属助教答疑督学,姚女士,长按识别二维码
L11453,5月9日新高一_总部,Jessica君君,13764580362,初二（2026年中考）,1,【徐汇日月光】漕溪路280号 汇腾广场,Jessica君君,长按识别二维码
L11454,5月9日新高一_知伴社群,NY,18117068873,初一（2027年中考）,1,【浦东八佰伴】地铁9号线 商城路站,NY,长按识别二维码
L11455,5月9日新高一_总部,梁梁13917600367,13917600367,初三（2025年中考）,1,【直播课】专属助教答疑督学,梁梁13917600367,微信其他入口
L11456,5月9日新高一_知伴社群,张先生,15618862771,初三（2025年中考）,1,【闵行七宝】地铁9号线七宝站1 汇宝广场,张先生,长按识别二维码
L11457,5月9日新高一_总部,cuidi,13916201082,初三（2025年中考）,1,【直播课】专属助教答疑督学,cuidi,长按识别二维码
L11458,5月9日新高一_总部,Tina（xinmu）,13816226121,初三（2025年中考）,1,【闵行七宝】地铁9号线七宝站1 汇宝广场,Tina（xinmu）,长按识别二维码
L11460,5月9日新高一_校区_环贸,陈,13917480932,初三（2025年中考）,1,【杨浦五角场】地铁10号线 江湾体育场站,陈,长按识别二维码
L11461,5月9日新高一_总部,林,13761320531,初三（2025年中考）,1,【直播课】专属助教答疑督学,林,微信其他入口
L11462,5月9日新高一_总部,梓琳爸爸,18621960161,初三（2025年中考）,1,【闵行莲花路】沪闵路7876号 胜富仁大厦,梓琳爸爸,长按识别二维码
L11464,5月9日新高一_总部,Sara,13901981043,初三（2025年中考）,1,【徐汇日月光】漕溪路280号 汇腾广场,Sara,微信其他入口
L11465,5月9日新高一_总部_公众号,Fion Yang,13918066139,初二（2026年中考）,1,【杨浦五角场】地铁10号线 江湾体育场站,Fion Yang,长按识别二维码
L11466,5月9日新高一_总部,三宝妈,13916161988,初三（2025年中考）,1,【徐汇日月光】漕溪路280号 汇腾广场,三宝妈,长按识别二维码
L11467,5月9日新高一_总部,海琴湾的溪流,15316675553,初三（2025年中考）,1,【浦东八佰伴】地铁9号线 商城路站,海琴湾的溪流,长按识别二维码
L11468,5月9日新高一_总部,三康__文,13816431047,初三（2025年中考）,1,【直播课】专属助教答疑督学,三康__文,长按识别二维码
L11470,5月9日新高一_校区_日月光,陶先生,18918594034,初三（2025年中考）,1,【直播课】专属助教答疑督学,陶先生,长按识别二维码
L11473,5月9日新高一_总部_公众号,lyn,15618389912,初二（2026年中考）,1,【徐汇环贸】东湖路9号,刘,长按识别二维码
L11474,5月9日新高一_总部_公众号,王,13916290752,初三（2025年中考）,1,【杨浦江浦路】江浦路1500号(近控江路) 智慧树创意园区,王,长按识别二维码
L11475,5月9日新高一_总部,Daisy,15502173845,初三（2025年中考）,1,【直播课】专属助教答疑督学,Daisy,长按识别二维码
L11477,5月9日新高一_总部,盼盼,13621809045,初三（2025年中考）,1,【浦东八佰伴】地铁9号线 商城路站,盼盼,长按识别二维码
L11478,5月9日新高一_校区_直播课,圆骏,18627571555,初三（2025年中考）,2,【浦东金桥】地铁6号线 金桥路站,圆骏,长按识别二维码
L11479,5月9日新高一_总部,黄老师,15802102340,初三（2025年中考）,1,【浦东蓝村路】蓝村路站 富都广场,黄老师,长按识别二维码
L11484,5月9日新高一_总部,静观其变,13386156621,初三（2025年中考）,2,【浦东八佰伴】地铁9号线 商城路站,静观其变,微信其他入口
L11486,5月9日新高一_总部,小月,13901770989,初三（2025年中考）,2,【闵行莲花路】沪闵路7876号 胜富仁大厦,小月,长按识别二维码
L11487,5月9日新高一_知伴社群,Niman,18930794796,初三（2025年中考）,2,【浦东金桥】地铁6号线 金桥路站,Niman,长按识别二维码
L11489,5月9日新高一_总部,颜先生,13761742878,初三（2025年中考）,2,【杨浦江浦路】江浦路1500号(近控江路) 智慧树创意园区,颜先生,长按识别二维码
L11490,5月9日新高一_总部,大桂,13818768686,初三（2025年中考）,1,【闵行七宝】地铁9号线七宝站1 汇宝广场,大桂,长按识别二维码
L11492,5月9日新高一_总部,Darywen,13916741992,初三（2025年中考）,1,【浦东八佰伴】地铁9号线 商城路站,Darywen,微信其他入口
L11493,5月9日新高一_知伴社群,罗先生,13795488902,初三（2025年中考）,1,【普陀曹杨路】中山北路2900号 东方国际元中大厦C座,罗先生,长按识别二维码
L11495,5月9日新高一_总部,璐璐,13701618436,初三（2025年中考）,2,【浦东蓝村路】蓝村路站 富都广场,臧,长按识别二维码
L11496,5月9日新高一_总部,刘女士,13636367274,初三（2025年中考）,1,【直播课】专属助教答疑督学,刘女士,长按识别二维码
L11498,5月9日新高一_总部,柒丶依,15216760710,初三（2025年中考）,1,【直播课】专属助教答疑督学,柒丶依,长按识别二维码
L11499,5月9日新高一_知伴社群,蔡女士,13564215604,初三（2025年中考）,1,【浦东金桥】地铁6号线 金桥路站,蔡女士,长按识别二维码
L11500,5月9日新高一_知伴社群,小赵,13671814260,初三（2025年中考）,2,【浦东金桥】地铁6号线 金桥路站,小赵,长按识别二维码
L11502,5月9日新高一_总部,爱吃甜食的米奇,18017075181,初三（2025年中考）,1,【徐汇环贸】东湖路9号,爱吃甜食的米奇,微信其他入口
L11504,5月9日新高一_知伴社群,duolawawa,13818297398,初三（2025年中考）,1,【直播课】专属助教答疑督学,duolawawa,长按识别二维码
L11505,5月9日新高一_总部,沸沸扬扬,13816800559,初三（2025年中考）,2,【徐汇日月光】漕溪路280号 汇腾广场,费女士,微信其他入口
L11506,5月9日新高一_总部,李素萍,18721713289,初三（2025年中考）,1,【闵行七宝】地铁9号线七宝站1 汇宝广场,李素萍,微信其他入口
L11507,5月9日新高一_总部_公众号,王健,13818400315,初三（2025年中考）,1,【普陀曹杨路】中山北路2900号 东方国际元中大厦C座,王健,长按识别二维码
L11509,5月9日新高一_总部,罗晔,13611817035,初三（2025年中考）,1,【普陀曹杨路】中山北路2900号 东方国际元中大厦C座,罗晔,长按识别二维码
L11512,5月9日新高一_知伴社群,杨卫君,13621690185,初三（2025年中考）,1,【浦东蓝村路】蓝村路站 富都广场,杨卫君,长按识别二维码
L11514,5月9日新高一_校区_直播课,刘女士,13636367274,初三（2025年中考）,1,【直播课】专属助教答疑督学,刘女士,长按识别二维码
L11519,5月9日新高一_知伴社群,徐,15021464132,初三（2025年中考）,2,【普陀曹杨路】中山北路2900号 东方国际元中大厦C座,徐,长按识别二维码
L11520,5月9日新高一_校区_环贸,萌萌,13916099769,初三（2025年中考）,1,【普陀曹杨路】中山北路2900号 东方国际元中大厦C座,朱,长按识别二维码
L11522,5月9日新高一_总部,卫,13916220877,初三（2025年中考）,1,【直播课】专属助教答疑督学,卫,长按识别二维码
L11524,5月9日新高一_总部,小俞妈妈,18916189115,初三（2025年中考）,2,【杨浦五角场】地铁10号线 江湾体育场站,小俞妈妈,微信其他入口
L11525,5月9日新高一_总部,雅姿,13701972350,初三（2025年中考）,1,【闵行莲花路】沪闵路7876号 胜富仁大厦,雅姿,微信其他入口
L11526,5月9日新高一_校区_江浦路,葛敏珠,15026861807,初三（2025年中考）,1,【浦东金桥】地铁6号线 金桥路站,葛敏珠,长按识别二维码
L11527,5月9日新高一_总部,Yoyo,13761363633,初三（2025年中考）,1,【浦东蓝村路】蓝村路站 富都广场,李,长按识别二维码
L11528,5月9日新高一_校区_江浦路,叶雪亚,13761626358,初三（2025年中考）,1,【浦东蓝村路】蓝村路站 富都广场,叶雪亚,长按识别二维码
L11529,5月9日新高一_校区_八佰伴,17302159612,17302159612,初三（2025年中考）,1,【浦东八佰伴】地铁9号线 商城路站,17302159612,长按识别二维码
L11530,大众点评,心悦妈妈,13512108594,初三（2025年中考）,1,【浦东金桥】地铁6号线 金桥路站,心悦妈妈,长按识别二维码
L11532,5月9日新高一_总部,钟女士,13761059232,初三（2025年中考）,1,【直播课】专属助教答疑督学,钟女士,长按识别二维码
L11533,5月9日新高一_总部,Shelby拉娘,18017622638,初三（2025年中考）,1,【闵行莲花路】沪闵路7876号 胜富仁大厦,陈,长按识别二维码
L11534,5月9日新高一_总部,紫斗,13570119996,初三（2025年中考）,1,【直播课】专属助教答疑督学,紫斗,长按识别二维码
L11535,5月9日新高一_总部,许娜娜,18521535115,初一（2027年中考）,2,【徐汇日月光】漕溪路280号 汇腾广场,许娜娜,长按识别二维码
L11537,5月9日新高一_总部,cc,15901824092,初二（2026年中考）,1,【徐汇环贸】东湖路9号,陈怡帆,长按识别二维码
L11538,5月9日新高一_总部,黄女士,13621923313,初三（2025年中考）,1,【普陀曹杨路】中山北路2900号 东方国际元中大厦C座,黄女士,长按识别二维码
L11539,5月9日新高一_知伴社群,郑楠,13901802253,初三（2025年中考）,1,【闵行七宝】地铁9号线七宝站1 汇宝广场,郑楠,长按识别二维码
L11540,5月9日新高一_校区_金桥,林先生,17701816118,初三（2025年中考）,1,【浦东金桥】地铁6号线 金桥路站,林先生,长按识别二维码
L11541,5月9日新高一_校区_日月光,陈小姐,13564505806,初二（2026年中考）,1,【直播课】专属助教答疑督学,嘟嘟,长按识别二维码
L11542,5月9日新高一_总部,尹先生,18049898282,初三（2025年中考）,1,【直播课】专属助教答疑督学,尹先生,长按识别二维码
L11543,5月9日新高一_总部,张,18016283932,初三（2025年中考）,1,【直播课】专属助教答疑督学,张,长按识别二维码
L11544,5月9日新高一_总部,琳琳妈妈,13818689050,初三（2025年中考）,2,【直播课】专属助教答疑督学,琳琳妈妈,长按识别二维码
L11545,5月9日新高一_校区_日月光,王女士,15921918480,初三（2025年中考）,1,【徐汇日月光】漕溪路280号 汇腾广场,王女士,长按识别二维码
L11546,5月9日新高一_总部,奇子,15116189209,初三（2025年中考）,1,【浦东蓝村路】蓝村路站 富都广场,张倩,长按识别二维码
L11547,5月9日新高一_总部,桂女士,17800003225,初三（2025年中考）,1,【浦东蓝村路】蓝村路站 富都广场,桂女士,长按识别二维码
L11549,5月9日新高一_总部,奇子,15300732862,初三（2025年中考）,1,【浦东蓝村路】蓝村路站 富都广场,张倩,长按识别二维码
L11550,5月9日新高一_校区_金桥,和光同尘,15021103637,初三（2025年中考）,1,【闵行七宝】地铁9号线七宝站1 汇宝广场,徐,长按识别二维码
L11551,5月9日新高一_校区_七宝,朱悦佳 久事,13816116114,初三（2025年中考）,1,【浦东金桥】地铁6号线 金桥路站,朱悦佳 久事,长按识别二维码
L11553,5月9日新高一_校区_日月光,杨先生,13774223126,初三（2025年中考）,1,【闵行七宝】地铁9号线七宝站1 汇宝广场,杨先生,长按识别二维码
L11554,5月9日新高一_总部,田女士,13917319507,初三（2025年中考）,1,【浦东金桥】地铁6号线 金桥路站,田女士,长按识别二维码
L11555,5月9日新高一_知伴社群,尹鸿,13162323816,初三（2025年中考）,2,【闵行七宝】地铁9号线七宝站1 汇宝广场,尹鸿,长按识别二维码
L11556,5月9日新高一_总部,高小姐,13764318608,初三（2025年中考）,2,【浦东蓝村路】蓝村路站 富都广场,高小姐,长按识别二维码
L11557,5月9日新高一_校区_七宝,杨先生,13774223126,初三（2025年中考）,1,【闵行七宝】地铁9号线七宝站1 汇宝广场,杨先生,长按识别二维码
L11559,5月9日新高一_校区_金桥,王女士,15900947637,初三（2025年中考）,1,【浦东金桥】地铁6号线 金桥路站,王女士,长按识别二维码
L11562,5月9日新高一_总部,刘飞飞,18918222016,初三（2025年中考）,1,【直播课】专属助教答疑督学,刘飞飞,长按识别二维码
L11563,5月9日新高一_总部,sinap_ma,18019351817,初三（2025年中考）,1,【直播课】专属助教答疑督学,sinap_ma,长按识别二维码
L11564,5月9日新高一_总部,俞祖蓉,13564498992,初三（2025年中考）,1,【直播课】专属助教答疑督学,俞祖蓉,长按识别二维码
L11565,5月9日新高一_总部_公众号,小家长,13321997009,初一（2027年中考）,2,【浦东八佰伴】地铁9号线 商城路站,大大,长按识别二维码
L11566,5月9日新高一_总部_公众号,大大,18221605582,初一（2027年中考）,2,【直播课】专属助教答疑督学,大大,长按识别二维码
L11568,5月9日新高一_总部,陈先生,18301772164,初三（2025年中考）,1,【杨浦五角场】地铁10号线 江湾体育场站,陈先生,微信扫一扫
L11569,5月9日新高一_总部,顾建国,13761088467,初三（2025年中考）,1,【杨浦五角场】地铁10号线 江湾体育场站,顾建国,微信其他入口
L11570,5月9日新高一_校区_七宝,范女士,17621795958,初三（2025年中考）,1,【闵行七宝】地铁9号线七宝站1 汇宝广场,范女士,长按识别二维码
L11571,5月9日新高一_校区_日月光,陈睿泽妈妈,18964080648,初三（2025年中考）,1,【直播课】专属助教答疑督学,陈睿泽妈妈,长按识别二维码
L11572,5月9日新高一_总部,文,13512137726,初三（2025年中考）,1,【浦东蓝村路】蓝村路站 富都广场,文,长按识别二维码
L11574,5月9日新高一_总部,唐女士,13651629939,初三（2025年中考）,1,【浦东八佰伴】地铁9号线 商城路站,唐女士,长按识别二维码
L11575,5月9日新高一_知伴社群,罗女士,13761646928,初三（2025年中考）,1,【浦东八佰伴】地铁9号线 商城路站,罗女士,长按识别二维码
L11576,5月9日新高一_知伴社群,凌先生,13606205777,初三（2025年中考）,1,【徐汇环贸】东湖路9号,凌先生,长按识别二维码
L11578,5月9日新高一_总部,手中沙,13023107777,初三（2025年中考）,1,【直播课】专属助教答疑督学,手中沙,微信其他入口
L11579,5月9日新高一_校区_蓝村路,田女士,13917319507,初三（2025年中考）,1,【浦东金桥】地铁6号线 金桥路站,田女士,长按识别二维码
L11580,5月9日新高一_总部,winnie,13916009800,初三（2025年中考）,1,【杨浦江浦路】江浦路1500号(近控江路) 智慧树创意园区,winnie,长按识别二维码
L11581,5月9日新高一_总部,陆悠康,13817034172,初三（2025年中考）,1,【直播课】专属助教答疑督学,陆悠康,长按识别二维码
L11583,5月9日新高一_校区_金桥,田女士,13917319507,初三（2025年中考）,2,【浦东金桥】地铁6号线 金桥路站,田女士,长按识别二维码
L11585,5月9日新高一_校区_日月光,徐女士,13381670826,初三（2025年中考）,1,【徐汇日月光】漕溪路280号 汇腾广场,徐女士,长按识别二维码
L11586,5月9日新高一_总部_公众号,Julie,15221680248,初一（2027年中考）,1,【浦东金桥】地铁6号线 金桥路站,Julie,长按识别二维码
L11587,5月9日新高一_校区_日月光,馨凌,13482465010,初一（2027年中考）,1,【徐汇日月光】漕溪路280号 汇腾广场,可可,长按识别二维码
L11588,5月9日新高一_校区_蓝村路,涂女士,13585997718,初三（2025年中考）,1,【浦东蓝村路】蓝村路站 富都广场,涂女士,长按识别二维码
L11589,5月9日新高一_总部,肖小姐,13764653989,初三（2025年中考）,2,【浦东蓝村路】蓝村路站 富都广场,肖小姐,长按识别二维码
L11590,5月9日新高一_校区_莲花路,汪小姐,13817874675,初一（2027年中考）,1,【闵行莲花路】沪闵路7876号 胜富仁大厦,汪小姐,长按识别二维码
L11591,5月9日新高一_校区_日月光,郭女士,13524670107,初三（2025年中考）,1,【徐汇日月光】漕溪路280号 汇腾广场,郭女士,长按识别二维码
L11593,5月9日新高一_校区_七宝,忆昔年,13801662855,初三（2025年中考）,1,【闵行七宝】地铁9号线七宝站1 汇宝广场,忆昔年,长按识别二维码
L11594,5月9日新高一_校区_七宝,陈,15800741277,初三（2025年中考）,1,【闵行七宝】地铁9号线七宝站1 汇宝广场,陈羽,长按识别二维码
L11595,5月9日新高一_校区_莲花路,计芸妈妈,13916647620,初三（2025年中考）,1,【闵行莲花路】沪闵路7876号 胜富仁大厦,计芸妈妈,从相册选取二维码
L11596,5月9日新高一_校区_日月光,潘潘,13916838059,初三（2025年中考）,1,【徐汇日月光】漕溪路280号 汇腾广场,潘潘,长按识别二维码
L11597,5月9日新高一_校区_七宝,子淇,18017106881,初三（2025年中考）,1,【闵行七宝】地铁9号线七宝站1 汇宝广场,子淇,长按识别二维码
L11598,5月9日新高一_校区_日月光,吴先生,13764788508,初三（2025年中考）,1,【徐汇日月光】漕溪路280号 汇腾广场,吴先生,长按识别二维码
L11599,5月9日新高一_校区_莲花路,赵,13681660547,初一（2027年中考）,1,【闵行莲花路】沪闵路7876号 胜富仁大厦,赵,微信扫一扫
L11600,5月9日新高一_校区_日月光,周先生,13636350369,初三（2025年中考）,1,【直播课】专属助教答疑督学,周先生,长按识别二维码
L11602,5月9日新高一_校区_曹杨路,何女士,13651889010,初三（2025年中考）,1,【普陀曹杨路】中山北路2900号 东方国际元中大厦C座,何女士,长按识别二维码
L11603,5月9日新高一_知伴社群,金女士,18117283291,初三（2025年中考）,1,【徐汇日月光】漕溪路280号 汇腾广场,金女士,长按识别二维码
L11604,5月9日新高一_校区_莲花路,叶子,13916780291,初三（2025年中考）,1,【闵行莲花路】沪闵路7876号 胜富仁大厦,叶子,长按识别二维码
L11605,5月9日新高一_知伴社群,顾,15601615717,初三（2025年中考）,1,【普陀曹杨路】中山北路2900号 东方国际元中大厦C座,顾,长按识别二维码
L11606,5月9日新高一_校区_日月光,NF,13761016212,初三（2025年中考）,1,【徐汇日月光】漕溪路280号 汇腾广场,NF,长按识别二维码
L11608,5月9日新高一_校区_日月光,王女士,13564846585,初二（2026年中考）,1,【直播课】专属助教答疑督学,王女士,长按识别二维码
L11609,5月9日新高一_总部,龚先生,13918797936,初三（2025年中考）,1,【直播课】专属助教答疑督学,龚先生,长按识别二维码
L11610,5月9日新高一_校区_日月光,付小姐,15921863060,初三（2025年中考）,1,【直播课】专属助教答疑督学,付小姐,长按识别二维码
L11611,5月9日新高一_总部,mia,19921030690,初三（2025年中考）,1,【闵行七宝】地铁9号线七宝站1 汇宝广场,mia,微信其他入口
L11612,5月9日新高一_总部,马齿苋,13391337151,初三（2025年中考）,1,【闵行莲花路】沪闵路7876号 胜富仁大厦,马齿苋,微信其他入口
L11614,5月9日新高一_校区_日月光,糖妈,18917899407,初二（2026年中考）,2,【徐汇日月光】漕溪路280号 汇腾广场,糖妈,长按识别二维码
L11615,5月9日新高一_知伴社群,高女士,13917225713,初三（2025年中考）,2,【浦东蓝村路】蓝村路站 富都广场,高女士,长按识别二维码
L11616,5月9日新高一_校区_日月光,严,13917236136,初三（2025年中考）,1,【徐汇日月光】漕溪路280号 汇腾广场,严,长按识别二维码
L11617,5月9日新高一_知伴社群,张女士,18516546319,初三（2025年中考）,1,【闵行七宝】地铁9号线七宝站1 汇宝广场,张女士,长按识别二维码
L11618,5月9日新高一_校区_日月光,布布爸爸,18512118214,初三（2025年中考）,1,【徐汇日月光】漕溪路280号 汇腾广场,布布爸爸,长按识别二维码
L11619,5月9日新高一_校区_环贸,姜末墨,13601951314,初三（2025年中考）,1,【浦东金桥】地铁6号线 金桥路站,姜末墨,长按识别二维码
L11620,5月9日新高一_校区_蓝村路,小也妈妈,13701859206,初三（2025年中考）,1,【浦东蓝村路】蓝村路站 富都广场,小也妈妈,从相册选取二维码
L11621,5月9日新高一_校区_日月光,李女士,15618795399,初三（2025年中考）,1,【徐汇日月光】漕溪路280号 汇腾广场,李女士,长按识别二维码
L11622,5月9日新高一_校区_五角场,董,13564985285,初三（2025年中考）,1,【杨浦五角场】地铁10号线 江湾体育场站,董,长按识别二维码
L11623,5月9日新高一_校区_江浦路,潘小姐,13816325452,初三（2025年中考）,1,【杨浦江浦路】江浦路1500号(近控江路) 智慧树创意园区,潘小姐,长按识别二维码
L11624,5月9日新高一_校区_日月光,张女士,13774426221,初三（2025年中考）,1,【徐汇日月光】漕溪路280号 汇腾广场,张女士,从相册选取二维码
L11625,5月9日新高一_总部_公众号,唐女士,13472488676,初三（2025年中考）,1,【杨浦江浦路】江浦路1500号(近控江路) 智慧树创意园区,唐女士,长按识别二维码
L11626,5月9日新高一_校区_莲花路,秦女士,13818529203,初三（2025年中考）,1,【闵行莲花路】沪闵路7876号 胜富仁大厦,秦女士,长按识别二维码
L11627,5月9日新高一_总部,aishi,17621960627,初三（2025年中考）,1,【浦东八佰伴】地铁9号线 商城路站,aishi,长按识别二维码
L11628,5月9日新高一_校区_日月光,7,18621510020,初三（2025年中考）,1,【徐汇日月光】漕溪路280号 汇腾广场,7,长按识别二维码
L11629,5月9日新高一_知伴社群,Annie,13795491346,初三（2025年中考）,1,【普陀曹杨路】中山北路2900号 东方国际元中大厦C座,Annie,长按识别二维码
L11630,5月9日新高一_校区_金桥,张女士,18101896089,初三（2025年中考）,1,【浦东金桥】地铁6号线 金桥路站,张女士,长按识别二维码
L11631,5月9日新高一_校区_莲花路,谢,18602109234,初三（2025年中考）,1,【直播课】专属助教答疑督学,谢,长按识别二维码
L11632,5月9日新高一_校区_环贸,张女士,15000683301,初一（2027年中考）,2,【浦东蓝村路】蓝村路站 富都广场,张女士,长按识别二维码
L11633,5月9日新高一_校区_江浦路,留留,18930104786,初一（2027年中考）,1,【杨浦江浦路】江浦路1500号(近控江路) 智慧树创意园区,留留,长按识别二维码
L11634,5月9日新高一_校区_江浦路,马,15900615753,初三（2025年中考）,1,【浦东金桥】地铁6号线 金桥路站,马,长按识别二维码
L11635,5月9日新高一_校区_江浦路,王女士,13795213004,初三（2025年中考）,2,【杨浦五角场】地铁10号线 江湾体育场站,王女士,长按识别二维码
L11636,5月9日新高一_校区_莲花路,王女士,13818940528,初三（2025年中考）,1,【闵行莲花路】沪闵路7876号 胜富仁大厦,王女士,长按识别二维码
L11637,5月9日新高一_校区_环贸,杨妈妈,13585882354,初三（2025年中考）,1,【普陀曹杨路】中山北路2900号 东方国际元中大厦C座,杨妈妈,长按识别二维码
L11638,5月9日新高一_校区_江浦路,倩,13916030346,其他,1,【杨浦江浦路】江浦路1500号(近控江路) 智慧树创意园区,倩,长按识别二维码
L11639,5月9日新高一_校区_江浦路,张女士,13636322908,初三（2025年中考）,1,【杨浦五角场】地铁10号线 江湾体育场站,张女士,长按识别二维码
L11640,5月9日新高一_校区_江浦路,小树,15821721956,初三（2025年中考）,1,【浦东八佰伴】地铁9号线 商城路站,小树,长按识别二维码
L11641,5月9日新高一_校区_江浦路,何女士,13818910672,初三（2025年中考）,2,【杨浦五角场】地铁10号线 江湾体育场站,何女士,长按识别二维码
L11642,5月9日新高一_校区_日月光,马婕,13601852623,初三（2025年中考）,2,【徐汇日月光】漕溪路280号 汇腾广场,马婕,长按识别二维码
L11644,5月9日新高一_校区_蓝村路,tina,13661528641,初三（2025年中考）,1,【徐汇日月光】漕溪路280号 汇腾广场,tina,长按识别二维码
L11645,5月9日新高一_校区_金桥,图妈,18116175855,初三（2025年中考）,1,【浦东金桥】地铁6号线 金桥路站,图妈,长按识别二维码
L11646,5月9日新高一_校区_江浦路,施,15000602008,初三（2025年中考）,1,【杨浦江浦路】江浦路1500号(近控江路) 智慧树创意园区,施,长按识别二维码
L11647,5月9日新高一_校区_直播课,米奇,17702128601,初三（2025年中考）,1,【闵行莲花路】沪闵路7876号 胜富仁大厦,米奇,长按识别二维码
L11648,5月9日新高一_校区_日月光,kumaying,18516106366,初三（2025年中考）,1,【徐汇日月光】漕溪路280号 汇腾广场,kumaying,长按识别二维码
L11649,5月9日新高一_校区_日月光,郁,13671639800,初二（2026年中考）,1,【浦东八佰伴】地铁9号线 商城路站,路,长按识别二维码
L11650,5月9日新高一_校区_直播课,Raina,18616393125,初二（2026年中考）,2,【闵行七宝】地铁9号线七宝站1 汇宝广场,Raina,长按识别二维码
L11651,5月9日新高一_校区_江浦路,张敏,17317651339,初三（2025年中考）,1,【浦东金桥】地铁6号线 金桥路站,张敏,长按识别二维码
L11657,5月9日新高一_校区_直播课,梅女士,15900628617,初三（2025年中考）,2,【徐汇日月光】漕溪路280号 汇腾广场,梅女士,长按识别二维码
L11658,5月9日新高一_校区_日月光,Elaine,13817923766,初三（2025年中考）,1,【徐汇日月光】漕溪路280号 汇腾广场,Elaine????????????????????????,长按识别二维码
L11659,5月9日新高一_渠道_知伴1,小红,18016005357,初三（2025年中考）,1,【直播课】专属助教答疑督学,小红,长按识别二维码
L11660,5月9日新高一_校区_蓝村路,张女士,13141363636,初三（2025年中考）,1,【浦东八佰伴】地铁9号线 商城路站,张女士,长按识别二维码
L11661,5月9日新高一_总部,睿宸妈妈,13040699240,初三（2025年中考）,2,【徐汇环贸】东湖路9号,睿宸妈妈,微信其他入口
L11662,5月9日新高一_总部,陈大恭,19946123506,初三（2025年中考）,1,【浦东金桥】地铁6号线 金桥路站,陈大恭,长按识别二维码
L11664,5月9日新高一_校区_五角场,瑞比,13671563868,初三（2025年中考）,1,【徐汇环贸】东湖路9号,瑞比,长按识别二维码
L11665,5月9日新高一_知伴社群,沈女士,13817400900,初三（2025年中考）,1,【浦东八佰伴】地铁9号线 商城路站,沈女士,长按识别二维码
L11667,5月9日新高一_总部_公众号,桂女士,17800003225,初三（2025年中考）,1,【浦东蓝村路】蓝村路站 富都广场,桂女士,长按识别二维码
L11675,5月9日新高一_总部,范先生,18916029110,初三（2025年中考）,1,【直播课】专属助教答疑督学,范先生,微信扫一扫
L11679,5月9日新高一_总部,海蓝,13575327924,初三（2025年中考）,2,【直播课】专属助教答疑督学,海蓝,长按识别二维码
L11695,5月9日新高一_知伴社群,谭女士,18916006698,初三（2025年中考）,1,【杨浦五角场】地铁10号线 江湾体育场站,谭女士,长按识别二维码
L11703,5月9日新高一_总部,林林,13917796486,初三（2025年中考）,2,【闵行莲花路】沪闵路7876号 胜富仁大厦,林林,长按识别二维码
L11707,5月9日新高一_总部,陈陈妈妈,13816403344,初三（2025年中考）,2,【浦东八佰伴】地铁9号线 商城路站,陈陈妈妈,长按识别二维码
L11740,5月9日新高一_总部,罗女士,18113801981,初三（2025年中考）,1,【闵行莲花路】沪闵路7876号 胜富仁大厦,罗女士,微信其他入口
L11747,5月9日新高一_总部,侯同学,13761222169,初三（2025年中考）,1,【浦东八佰伴】地铁9号线 商城路站,侯同学,长按识别二维码
L11770,5月9日新高一_校区_八佰伴,Vivian,18501696120,初三（2025年中考）,1,【浦东八佰伴】地铁9号线 商城路站,Vivian,长按识别二维码
L11773,5月9日新高一_总部,静静,15000879658,初三（2025年中考）,1,【直播课】专属助教答疑督学,静静,长按识别二维码
L11777,5月9日新高一_知伴社群,凌先生,18017758198,初三（2025年中考）,2,【浦东蓝村路】蓝村路站 富都广场,凌先生,长按识别二维码
L11778,5月9日新高一_总部,曹碧莹,18616708685,初三（2025年中考）,2,【杨浦江浦路】江浦路1500号(近控江路) 智慧树创意园区,曹,微信其他入口
L11780,5月9日新高一_总部,薛晓勇,13501729572,初三（2025年中考）,1,【浦东蓝村路】蓝村路站 富都广场,薛晓勇,长按识别二维码
L11781,5月9日新高一_总部,Linda Sun,13817863903,初三（2025年中考）,1,【浦东金桥】地铁6号线 金桥路站,Linda Sun,长按识别二维码
L11803,5月9日新高一_总部,苏苏,17396138305,初三（2025年中考）,1,【直播课】专属助教答疑督学,苏苏,微信其他入口
L11821,5月9日新高一_总部,秋女士,18930526243,初三（2025年中考）,1,【浦东八佰伴】地铁9号线 商城路站,秋女士,长按识别二维码
L11824,5月9日新高一_校区_江浦路,奥丽薇亚,18217258856,初三（2025年中考）,1,【浦东八佰伴】地铁9号线 商城路站,奥丽薇亚,长按识别二维码
L11844,5月9日新高一_校区_莲花路,一诺,15800622663,初三（2025年中考）,1,【闵行莲花路】沪闵路7876号 胜富仁大厦,一诺,长按识别二维码
L11864,5月9日新高一_总部,姜女士,13816561965,初三（2025年中考）,1,【闵行七宝】地铁9号线七宝站1 汇宝广场,姜女士,微信其他入口
L11883,5月9日新高一_总部,candy,18939910933,初三（2025年中考）,1,【直播课】专属助教答疑督学,candy,微信其他入口
L11886,5月9日新高一_校区_莲花路,娟妹儿,15601985096,初三（2025年中考）,1,【闵行莲花路】沪闵路7876号 胜富仁大厦,娟妹儿,长按识别二维码
L11917,5月9日新高一_校区_曹杨路,周莉,13917876023,初三（2025年中考）,1,【普陀曹杨路】中山北路2900号 东方国际元中大厦C座,周莉,长按识别二维码
L11923,5月9日新高一_总部,慈小姐,18964642576,初三（2025年中考）,1,【浦东八佰伴】地铁9号线 商城路站,慈小姐,长按识别二维码
L11924,5月9日新高一_总部,关生龙,13661454292,初三（2025年中考）,1,【浦东蓝村路】蓝村路站 富都广场,关生龙,长按识别二维码
L11925,5月9日新高一_总部,林,13918107697,初三（2025年中考）,1,【浦东八佰伴】地铁9号线 商城路站,林,长按识别二维码
L11928,5月9日新高一_总部,Annie,15921295512,初三（2025年中考）,1,【浦东蓝村路】蓝村路站 富都广场,Annie,微信其他入口
L11930,5月9日新高一_总部,黛安娜,13621916982,初三（2025年中考）,1,【杨浦五角场】地铁10号线 江湾体育场站,黛安娜,长按识别二维码
L11933,5月9日新高一_校区_七宝,郭,18516000773,初三（2025年中考）,2,【闵行七宝】地铁9号线七宝站1 汇宝广场,郭,长按识别二维码
L11934,5月9日新高一_总部,周燕,13564146394,初三（2025年中考）,1,【浦东金桥】地铁6号线 金桥路站,周燕,长按识别二维码
L11935,5月9日新高一_总部,曹女士,13761034822,初三（2025年中考）,1,【浦东金桥】地铁6号线 金桥路站,曹女士,长按识别二维码
L11936,5月9日新高一_校区_莲花路,高淳,15000170227,初三（2025年中考）,1,【闵行莲花路】沪闵路7876号 胜富仁大厦,高淳,长按识别二维码
L11937,5月9日新高一_校区_日月光,王,13310110822,初三（2025年中考）,1,【徐汇日月光】漕溪路280号 汇腾广场,王,长按识别二维码
L11939,5月9日新高一_知伴社群,范女士,13301679951,初三（2025年中考）,2,【直播课】专属助教答疑督学,范女士,长按识别二维码
L11945,5月9日新高一_知伴社群,周女士,15801986659,初三（2025年中考）,2,【浦东蓝村路】蓝村路站 富都广场,周女士,长按识别二维码
L11951,5月9日新高一_总部,Joyce1716,13661995180,初三（2025年中考）,2,【浦东金桥】地铁6号线 金桥路站,Joyce1716,微信其他入口
L11953,5月9日新高一_校区_蓝村路,崔女士,13795340609,初三（2025年中考）,1,【浦东金桥】地铁6号线 金桥路站,崔女士,长按识别二维码
L11954,5月9日新高一_总部,arina,17701686778,初二（2026年中考）,1,【浦东八佰伴】地铁9号线 商城路站,凡凡,长按识别二维码
L11957,5月9日新高一_总部,王女士,13818371242,初三（2025年中考）,1,【浦东蓝村路】蓝村路站 富都广场,王女士,长按识别二维码
L11959,5月9日新高一_校区_曹杨路,余凤娇,18917504185,初三（2025年中考）,2,【普陀曹杨路】中山北路2900号 东方国际元中大厦C座,余凤娇,微信扫一扫
L11960,5月9日新高一_校区_七宝,棒棒妈妈,15801803873,初三（2025年中考）,1,【普陀曹杨路】中山北路2900号 东方国际元中大厦C座,棒棒妈妈,长按识别二维码
L11963,5月9日新高一_总部,13611698977,13611698977,初三（2025年中考）,1,【直播课】专属助教答疑督学,13611698977,微信其他入口
L11964,5月9日新高一_总部,EMMA,18101877950,初三（2025年中考）,1,【浦东八佰伴】地铁9号线 商城路站,EMMA,长按识别二维码
L11967,5月9日新高一_品牌,Annie,15021149003,初三（2025年中考）,2,【浦东八佰伴】地铁9号线 商城路站,Annie,长按识别二维码
L11969,5月9日新高一_校区_环贸,赵璐,13816073182,初三（2025年中考）,1,【徐汇日月光】漕溪路280号 汇腾广场,赵璐,长按识别二维码
L11972,5月9日新高一_校区_曹杨路,北北,13701697465,初三（2025年中考）,1,【普陀曹杨路】中山北路2900号 东方国际元中大厦C座,张,长按识别二维码
L11973,5月9日新高一_总部_公众号,王同学妈妈,13812138918,初三（2025年中考）,1,【浦东八佰伴】地铁9号线 商城路站,王同学妈妈,长按识别二维码
L11975,5月9日新高一_校区_曹杨路,陈,13611964809,初三（2025年中考）,1,【普陀曹杨路】中山北路2900号 东方国际元中大厦C座,陈,长按识别二维码
L11976,5月9日新高一_渠道_西玲,Mike,13828728245,初三（2025年中考）,1,【浦东蓝村路】蓝村路站 富都广场,Mike,微信扫一扫
L11983,5月9日新高一_总部_公众号,张女士,13402019662,初三（2025年中考）,2,【浦东金桥】地铁6号线 金桥路站,张女士,长按识别二维码
L11991,5月9日新高一_总部直播,曹先生,13564366068,初二（2026年中考）,2,【直播课】专属助教答疑督学,曹先生,长按识别二维码
L11994,5月9日新高一_校区_曹杨路,张女士,13817612698,初三（2025年中考）,1,【普陀曹杨路】中山北路2900号 东方国际元中大厦C座,张女士,长按识别二维码
L11996,5月9日新高一_总部,李,13916988011,初三（2025年中考）,1,【闵行莲花路】沪闵路7876号 胜富仁大厦,李,微信其他入口
L12011,5月9日新高一_总部直播,微笑笑-Sherry,18964019927,初三（2025年中考）,1,【闵行莲花路】沪闵路7876号 胜富仁大厦,微笑笑-Sherry,长按识别二维码
L12015,5月9日新高一_总部直播,刘先生,13661827419,初三（2025年中考）,1,【杨浦五角场】地铁10号线 江湾体育场站,刘先生,长按识别二维码
L12020,5月9日新高一_总部直播,张,15021369541,初三（2025年中考）,2,【徐汇日月光】漕溪路280号 汇腾广场,张,长按识别二维码
L12026,5月9日新高一_总部,宋女士,15821775889,初三（2025年中考）,1,【直播课】专属助教答疑督学,宋女士,微信其他入口
L12027,5月9日新高一_校区_日月光,julia ོ燕子,13601978508,初三（2025年中考）,1,【徐汇日月光】漕溪路280号 汇腾广场,julia ོ燕子,长按识别二维码
L12030,5月9日新高一_总部,Rae,13917140703,初三（2025年中考）,1,【杨浦五角场】地铁10号线 江湾体育场站,Rae,长按识别二维码
L12035,5月9日新高一_总部,Kelly-SJ,13917487940,初三（2025年中考）,1,【直播课】专属助教答疑督学,Kelly-SJ,微信其他入口
L12073,5月9日新高一_总部,刘老师,13598308617,初三（2025年中考）,1,【直播课】专属助教答疑督学,刘老师,微信其他入口
L12075,5月9日新高一_总部直播,garlicguest,13818224169,初三（2025年中考）,1,【直播课】专属助教答疑督学,garlicguest,长按识别二维码
L12078,5月9日新高一_总部直播,雷女士,13916574271,初三（2025年中考）,1,【浦东八佰伴】地铁9号线 商城路站,雷女士,长按识别二维码
L12082,5月9日新高一_校区_曹杨路,乐乐子,13917040453,初三（2025年中考）,1,【普陀曹杨路】中山北路2900号 东方国际元中大厦C座,乐女士,长按识别二维码
L12083,5月9日新高一_总部直播,许,13816712612,初三（2025年中考）,1,【直播课】专属助教答疑督学,许,长按识别二维码
L12084,5月9日新高一_总部,李雷,15000633747,初三（2025年中考）,1,【直播课】专属助教答疑督学,李雷,长按识别二维码
L12091,5月9日新高一_校区_蓝村路,黄先生,13032100061,初三（2025年中考）,1,【浦东蓝村路】蓝村路站 富都广场,黄先生,长按识别二维码
L12093,5月9日新高一_总部直播,Irene,13816699788,初三（2025年中考）,1,【普陀曹杨路】中山北路2900号 东方国际元中大厦C座,Irene,长按识别二维码
L12095,5月9日新高一_校区_曹杨路,刘老师,13598308617,初三（2025年中考）,1,【直播课】专属助教答疑督学,刘老师,微信扫一扫
L12096,5月9日新高一_总部,谢小姐,18616505285,初三（2025年中考）,2,【徐汇日月光】漕溪路280号 汇腾广场,谢小姐,长按识别二维码
L12099,5月9日新高一_总部,桂芳,15802165373,初三（2025年中考）,1,【浦东金桥】地铁6号线 金桥路站,桂芳,从相册选取二维码
L12104,5月9日新高一_品牌,王女士,13817907864,初二（2026年中考）,1,【浦东八佰伴】地铁9号线 商城路站,王女士,长按识别二维码
L12105,5月9日新高一_总部,tctiger,18501648181,初三（2025年中考）,1,【浦东金桥】地铁6号线 金桥路站,tctiger,长按识别二维码
L12110,5月9日新高一_校区_直播课,刘老师,13598308617,初三（2025年中考）,1,【直播课】专属助教答疑督学,刘老师,长按识别二维码
L12120,5月9日新高一_总部,菡涵,13641985160,初三（2025年中考）,1,【杨浦五角场】地铁10号线 江湾体育场站,菡涵,长按识别二维码
L12127,5月9日新高一_总部,欢乐妈妈,13601687296,初三（2025年中考）,1,【浦东八佰伴】地铁9号线 商城路站,欢乐妈妈,长按识别二维码
L12139,5月9日新高一_总部,宁女士,18516033577,初三（2025年中考）,2,【闵行七宝】地铁9号线七宝站1 汇宝广场,张女士,长按识别二维码
L12169,5月9日新高一_总部,胡女士,13611686989,初三（2025年中考）,1,【浦东金桥】地铁6号线 金桥路站,胡女士,长按识别二维码
L12186,5月9日新高一_总部,王女士,18616890827,初三（2025年中考）,2,【浦东八佰伴】地铁9号线 商城路站,王女士,长按识别二维码
L12197,5月9日新高一_总部,心悦自华,13764586548,初三（2025年中考）,1,【直播课】专属助教答疑督学,心悦自华,微信其他入口
L12199,5月9日新高一_总部,阿婆,13916093001,初三（2025年中考）,1,【闵行莲花路】沪闵路7876号 胜富仁大厦,阿婆,微信其他入口
L12209,5月9日新高一_总部,关耳-Zh,13774459556,初二（2026年中考）,2,【浦东八佰伴】地铁9号线 商城路站,关耳-Zh,长按识别二维码
L12214,5月9日新高一_总部,juliette,13472794433,初三（2025年中考）,1,【直播课】专属助教答疑督学,juliette,微信其他入口
L12215,5月9日新高一_总部,曹,15618770917,初三（2025年中考）,1,【浦东金桥】地铁6号线 金桥路站,曹,微信其他入口
L12217,5月9日新高一_总部,爱演讲的花艺官,18621305385,初三（2025年中考）,2,【浦东蓝村路】蓝村路站 富都广场,爱演讲的花艺官,微信其他入口
L12219,5月9日新高一_总部直播,沙沙,13917981328,初三（2025年中考）,1,【浦东蓝村路】蓝村路站 富都广场,沙沙,长按识别二维码
L12220,5月9日新高一_总部,小Q精灵,13761969528,初三（2025年中考）,1,【直播课】专属助教答疑督学,小Q精灵,微信其他入口
L12221,5月9日新高一_总部直播,朱女士,13524299866,初三（2025年中考）,1,【直播课】专属助教答疑督学,朱女士,长按识别二维码
L12230,5月9日新高一_总部,宋妈,18621518462,初三（2025年中考）,1,【浦东蓝村路】蓝村路站 富都广场,宋妈,长按识别二维码
L12232,5月9日新高一_校区_八佰伴,helpj,13641857337,初三（2025年中考）,2,【浦东八佰伴】地铁9号线 商城路站,Serafina,长按识别二维码
L12235,5月9日新高一_校区_江浦路,Ming,13472772179,初三（2025年中考）,1,【杨浦江浦路】江浦路1500号(近控江路) 智慧树创意园区,Ming,长按识别二维码
L12252,5月9日新高一_总部,rise,15601830962,初三（2025年中考）,1,【直播课】专属助教答疑督学,rise,长按识别二维码
L12262,5月9日新高一_校区_蓝村路,沙沙,13917981328,初三（2025年中考）,1,【浦东蓝村路】蓝村路站 富都广场,沙沙,长按识别二维码
L12267,5月9日新高一_总部,茶水女孩,13611786874,初三（2025年中考）,1,【直播课】专属助教答疑督学,茶水女孩,长按识别二维码
L12280,5月9日新高一_总部直播,Freya,15801806647,初三（2025年中考）,2,【浦东八佰伴】地铁9号线 商城路站,Freya,长按识别二维码
L12281,5月9日新高一_总部,黑佑,17521638908,初三（2025年中考）,1,【徐汇环贸】东湖路9号,黑佑,微信其他入口
L12290,5月9日新高一_总部直播,梁先生,13636551885,初二（2026年中考）,1,【浦东金桥】地铁6号线 金桥路站,梁先生,长按识别二维码
L12295,5月9日新高一_总部,李佳,13916375841,初三（2025年中考）,2,【浦东金桥】地铁6号线 金桥路站,李佳,长按识别二维码
L12296,5月9日新高一_总部直播,顾,13681987773,初二（2026年中考）,1,【闵行莲花路】沪闵路7876号 胜富仁大厦,顾,长按识别二维码
L12301,5月9日新高一_总部,小敏,13901922529,初三（2025年中考）,1,【浦东金桥】地铁6号线 金桥路站,小敏,长按识别二维码
L12304,5月9日新高一_知伴社群,XG,18001682209,初三（2025年中考）,1,【直播课】专属助教答疑督学,XG,长按识别二维码
L12305,5月9日新高一_总部,Ccf,13661505377,初三（2025年中考）,1,【浦东金桥】地铁6号线 金桥路站,Ccf,微信其他入口
L12316,5月9日新高一_总部,脆皮乳猪,13818237599,初三（2025年中考）,1,【浦东金桥】地铁6号线 金桥路站,脆皮乳猪,微信其他入口
L12317,5月9日新高一_总部,陈,13636380040,初三（2025年中考）,2,【浦东金桥】地铁6号线 金桥路站,陈,长按识别二维码
L12329,5月9日新高一_总部直播,柳柳,13524896710,初三（2025年中考）,1,【直播课】专属助教答疑督学,柳柳,微信其他入口
L12331,5月9日新高一_总部,卜先生,15316161838,初三（2025年中考）,1,【普陀曹杨路】中山北路2900号 东方国际元中大厦C座,卜先生,长按识别二维码
L12335,5月9日新高一_总部_公众号,淼,18017004166,初三（2025年中考）,1,【浦东金桥】地铁6号线 金桥路站,淼,长按识别二维码
L12336,5月9日新高一_数学王老师,郑女士,13301968675,初三（2025年中考）,1,【徐汇环贸】东湖路9号,郑女士,长按识别二维码
L12337,5月9日新高一_校区_直播课,常女士,13816657231,初三（2025年中考）,1,【浦东金桥】地铁6号线 金桥路站,常女士,长按识别二维码
L12338,5月9日新高一_知伴社群,Rene,18121105511,初二（2026年中考）,1,【普陀曹杨路】中山北路2900号 东方国际元中大厦C座,Rene,长按识别二维码
L12339,5月9日新高一_知伴社群,freda,13917860340,初三（2025年中考）,1,【直播课】专属助教答疑督学,freda,长按识别二维码
L12341,5月9日新高一_知伴社群,滕姐,16621354955,初三（2025年中考）,2,【闵行莲花路】沪闵路7876号 胜富仁大厦,滕姐,长按识别二维码
L12343,5月9日新高一_总部,bonnie,13817119746,初三（2025年中考）,1,【直播课】专属助教答疑督学,bonnie,长按识别二维码
L12344,5月9日新高一_知伴社群,周婷婷,13917647342,初三（2025年中考）,1,【直播课】专属助教答疑督学,周婷婷,长按识别二维码
L12346,5月9日新高一_知伴社群,刘阳,13601633483,初三（2025年中考）,1,【浦东蓝村路】蓝村路站 富都广场,刘阳,长按识别二维码
L12347,5月9日新高一_知伴社群,Jasminewang,15721589905,初三（2025年中考）,1,【直播课】专属助教答疑督学,Jasminewang,长按识别二维码
L12348,5月9日新高一_知伴社群,Yuki,13916988604,初三（2025年中考）,1,【浦东金桥】地铁6号线 金桥路站,Yuki,长按识别二维码
L12349,5月9日新高一_知伴社群,刘军燕,13651701450,初三（2025年中考）,1,【闵行七宝】地铁9号线七宝站1 汇宝广场,刘,长按识别二维码
L12350,5月9日新高一_知伴社群,小麦,18621185106,初一（2027年中考）,1,【浦东蓝村路】蓝村路站 富都广场,小麦,长按识别二维码
L12351,5月9日新高一_知伴社群,陈胖,13601911264,初三（2025年中考）,1,【杨浦江浦路】江浦路1500号(近控江路) 智慧树创意园区,陈胖,微信扫一扫
L12352,5月9日新高一_知伴社群,智,18017545813,初三（2025年中考）,1,【杨浦江浦路】江浦路1500号(近控江路) 智慧树创意园区,智,长按识别二维码
L12353,5月9日新高一_知伴社群,康静,18521077599,初三（2025年中考）,1,【杨浦江浦路】江浦路1500号(近控江路) 智慧树创意园区,康静,长按识别二维码
L12354,5月9日新高一_知伴社群,王女士,13301831808,初二（2026年中考）,2,【直播课】专属助教答疑督学,王女士,长按识别二维码
L12355,5月9日新高一_总部_公众号,陈胖,13601911264,初三（2025年中考）,1,【杨浦江浦路】江浦路1500号(近控江路) 智慧树创意园区,陈胖,长按识别二维码
L12356,5月9日新高一_知伴社群,涓涓,13817244658,初三（2025年中考）,1,【普陀曹杨路】中山北路2900号 东方国际元中大厦C座,涓涓,长按识别二维码
L12357,5月9日新高一_知伴社群,乔先生,17721190739,初二（2026年中考）,1,【闵行莲花路】沪闵路7876号 胜富仁大厦,乔先生,长按识别二维码
L12358,5月9日新高一_知伴社群,胡女士,13774334236,初三（2025年中考）,1,【闵行七宝】地铁9号线七宝站1 汇宝广场,胡女士,长按识别二维码
L12359,5月9日新高一_校区_金桥,金女士,13916282617,初三（2025年中考）,1,【浦东金桥】地铁6号线 金桥路站,金女士,长按识别二维码
L12360,5月9日新高一_知伴社群,Sandy,13901811439,初三（2025年中考）,1,【直播课】专属助教答疑督学,孙女士,长按识别二维码
L12361,5月9日新高一_知伴社群,ʚ小晨子,18516552696,初三（2025年中考）,1,【直播课】专属助教答疑督学,ʚ小晨子????,长按识别二维码
L12362,5月9日新高一_知伴社群,钟先生,13764148030,初三（2025年中考）,1,【普陀曹杨路】中山北路2900号 东方国际元中大厦C座,钟先生,长按识别二维码
L12363,5月9日新高一_知伴社群,老,13585537081,初三（2025年中考）,1,【普陀曹杨路】中山北路2900号 东方国际元中大厦C座,老,长按识别二维码
L12364,5月9日新高一_知伴社群,杨芷涵妈妈,13917796235,初三（2025年中考）,1,【浦东八佰伴】地铁9号线 商城路站,杨芷涵妈妈,长按识别二维码
L12365,5月9日新高一_知伴社群,郑楠,13818685600,初三（2025年中考）,1,【闵行七宝】地铁9号线七宝站1 汇宝广场,郑楠,长按识别二维码
L12366,5月9日新高一_知伴社群,孙小姐,13331906001,初三（2025年中考）,1,【直播课】专属助教答疑督学,孙小姐,长按识别二维码
L12367,5月9日新高一_知伴社群,13611698977,13611698977,初三（2025年中考）,1,【直播课】专属助教答疑督学,13611698977,长按识别二维码
L12368,5月9日新高一_总部直播,赵xingli,13817231558,初三（2025年中考）,2,【浦东金桥】地铁6号线 金桥路站,赵xingli,长按识别二维码
L12369,5月9日新高一_总部直播,kitty,18616810985,初三（2025年中考）,1,【浦东金桥】地铁6号线 金桥路站,kitty,长按识别二维码
L12370,5月9日新高一_知伴社群,飞,18918135835,初二（2026年中考）,1,【浦东蓝村路】蓝村路站 富都广场,飞,长按识别二维码
L12371,5月9日新高一_知伴社群,董女士,17717547088,初三（2025年中考）,1,【浦东金桥】地铁6号线 金桥路站,董女士,长按识别二维码
L12372,5月9日新高一_知伴社群,王先生,13816827084,初三（2025年中考）,1,【直播课】专属助教答疑督学,王先生,长按识别二维码
L12373,5月9日新高一_知伴社群,eveline chan,15221296109,初三（2025年中考）,1,【浦东八佰伴】地铁9号线 商城路站,eveline chan,长按识别二维码
L12374,5月9日新高一_知伴社群,芝兰,13301988718,初二（2026年中考）,1,【直播课】专属助教答疑督学,芝兰,长按识别二维码
L12375,5月9日新高一_总部,孙女士,13482398080,初三（2025年中考）,1,【浦东金桥】地铁6号线 金桥路站,孙女士,长按识别二维码
L12376,5月9日新高一_校区_七宝,张女士,18516033577,初一（2027年中考）,2,【浦东金桥】地铁6号线 金桥路站,张女士,长按识别二维码
L12377,5月9日新高一_总部,汤小姐,13816332529,初三（2025年中考）,1,【杨浦江浦路】江浦路1500号(近控江路) 智慧树创意园区,汤小姐,长按识别二维码
L12379,5月9日新高一_总部,Judy,18621691799,初三（2025年中考）,1,【杨浦五角场】地铁10号线 江湾体育场站,Judy,微信其他入口
L12380,5月9日新高一_总部,刘青,15692176138,初三（2025年中考）,1,【直播课】专属助教答疑督学,刘青,长按识别二维码
L12381,5月9日新高一_总部,覃,13817023965,初三（2025年中考）,2,【普陀曹杨路】中山北路2900号 东方国际元中大厦C座,覃,长按识别二维码
L12382,5月9日新高一_总部,朱女士,13641720273,初三（2025年中考）,2,【浦东八佰伴】地铁9号线 商城路站,朱女士,长按识别二维码
L12383,5月9日新高一_总部,夏,18616017166,初三（2025年中考）,2,【浦东蓝村路】蓝村路站 富都广场,夏,长按识别二维码
L12384,5月9日新高一_总部,倪妈妈,18930830526,初三（2025年中考）,2,【浦东蓝村路】蓝村路站 富都广场,倪妈妈,长按识别二维码
L12385,5月9日新高一_知伴社群,宇妈,13761867068,初三（2025年中考）,2,【浦东八佰伴】地铁9号线 商城路站,宇妈,长按识别二维码
L12386,5月9日新高一_总部,潘小姐,13816325452,初三（2025年中考）,1,【杨浦江浦路】江浦路1500号(近控江路) 智慧树创意园区,潘小姐,长按识别二维码
L12387,5月9日新高一_总部,宇妈,13761867068,初三（2025年中考）,2,【浦东八佰伴】地铁9号线 商城路站,宇妈,长按识别二维码
L12388,5月9日新高一_总部,张小姐,13795427479,初三（2025年中考）,1,【普陀曹杨路】中山北路2900号 东方国际元中大厦C座,张小姐,长按识别二维码
L12389,5月9日新高一_知伴社群,顾,18930300937,初二（2026年中考）,1,【闵行莲花路】沪闵路7876号 胜富仁大厦,梁文璟,长按识别二维码
L12390,5月9日新高一_总部,徐、王,15800374737,初三（2025年中考）,2,【直播课】专属助教答疑督学,徐、王,微信其他入口
L12391,5月9日新高一_知伴社群,lucy,18601702135,初二（2026年中考）,1,【闵行七宝】地铁9号线七宝站1 汇宝广场,lucy,长按识别二维码
L12392,5月9日新高一_总部,卢女士,13671823555,初三（2025年中考）,1,【浦东八佰伴】地铁9号线 商城路站,卢女士,长按识别二维码
L12394,5月9日新高一_品牌,吕妈妈,13817642163,初三（2025年中考）,1,【杨浦五角场】地铁10号线 江湾体育场站,吕妈妈,从相册选取二维码
L12395,5月9日新高一_总部,胡晓敏,18602196899,初三（2025年中考）,1,【浦东金桥】地铁6号线 金桥路站,胡晓敏,长按识别二维码
L12396,5月9日新高一_总部,火炎焱燚,13918975751,初三（2025年中考）,1,【直播课】专属助教答疑督学,火炎焱燚,长按识别二维码
L12397,5月9日新高一_知伴社群,徐,17701720004,初三（2025年中考）,1,【杨浦五角场】地铁10号线 江湾体育场站,徐,长按识别二维码
L12398,5月9日新高一_总部,陈先生,18016006270,初三（2025年中考）,1,【杨浦五角场】地铁10号线 江湾体育场站,陈先生,长按识别二维码
L12399,5月9日新高一_总部,Daisy️,13466647718,初三（2025年中考）,1,【直播课】专属助教答疑督学,Daisy️,长按识别二维码
L12401,5月9日新高一_总部,顾顾,13818585711,初二（2026年中考）,2,【普陀曹杨路】中山北路2900号 东方国际元中大厦C座,顾顾,长按识别二维码
L12402,5月9日新高一_总部,gina,13795415290,初三（2025年中考）,2,【杨浦江浦路】江浦路1500号(近控江路) 智慧树创意园区,gina,长按识别二维码
L12403,5月9日新高一_总部,luzi,18918556102,初三（2025年中考）,1,【徐汇日月光】漕溪路280号 汇腾广场,luzi,长按识别二维码
L12404,5月9日新高一_总部,刘先生,13761984572,初三（2025年中考）,1,【杨浦江浦路】江浦路1500号(近控江路) 智慧树创意园区,刘先生,长按识别二维码
L12405,5月9日新高一_总部,胡老师,13524024226,初三（2025年中考）,1,【浦东金桥】地铁6号线 金桥路站,陈妈妈,微信扫一扫
L12406,5月9日新高一_总部,王女士,13917667494,初三（2025年中考）,2,【闵行莲花路】沪闵路7876号 胜富仁大厦,王女士,微信其他入口
L12407,5月9日新高一_总部,华卫东,13501822560,初三（2025年中考）,1,【直播课】专属助教答疑督学,华卫东,长按识别二维码
L12408,5月9日新高一_总部,子璟妈妈,18121176096,初三（2025年中考）,1,【闵行七宝】地铁9号线七宝站1 汇宝广场,子璟妈妈,长按识别二维码
L12410,5月9日新高一_总部,宋,13671519630,初三（2025年中考）,1,【直播课】专属助教答疑督学,徐家长,长按识别二维码
L12411,5月9日新高一_总部,展先生,13127803918,初三（2025年中考）,2,【浦东金桥】地铁6号线 金桥路站,展先生,长按识别二维码
L12413,5月9日新高一_总部,李鸣,13512173386,初三（2025年中考）,1,【直播课】专属助教答疑督学,李明,微信其他入口
L12414,5月9日新高一_总部,小志,18930536205,初三（2025年中考）,1,【浦东八佰伴】地铁9号线 商城路站,小志,长按识别二维码
L12415,5月9日新高一_总部,Suziewang ᥫᩣ,13945150866,初三（2025年中考）,1,【直播课】专属助教答疑督学,Suziewang ᥫᩣ,长按识别二维码
L12416,5月9日新高一_总部,徐,13817672012,初三（2025年中考）,1,【浦东蓝村路】蓝村路站 富都广场,徐,长按识别二维码
L12417,5月9日新高一_知伴社群,小番茄Shmily,13917249697,初三（2025年中考）,2,【浦东八佰伴】地铁9号线 商城路站,小番茄Shmily????,长按识别二维码
L12418,5月9日新高一_总部_公众号,牛妈,18621909963,初三（2025年中考）,1,【浦东金桥】地铁6号线 金桥路站,牛妈,长按识别二维码
L12419,5月9日新高一_总部,张先生,18101692700,初三（2025年中考）,1,【浦东八佰伴】地铁9号线 商城路站,张先生,长按识别二维码
L12420,5月9日新高一_总部,周女士,18616690432,初三（2025年中考）,2,【浦东金桥】地铁6号线 金桥路站,周女士,长按识别二维码
L12421,5月9日新高一_总部,kun,14782500877,初三（2025年中考）,1,【杨浦江浦路】江浦路1500号(近控江路) 智慧树创意园区,kun,长按识别二维码
L12422,5月9日新高一_知伴社群,刘女士,18116294946,初一（2027年中考）,1,【浦东八佰伴】地铁9号线 商城路站,刘女士,长按识别二维码
L12423,5月9日新高一_知伴社群,刘女士,13601878416,初一（2027年中考）,1,【直播课】专属助教答疑督学,刘女士,长按识别二维码
L12424,5月9日新高一_总部,17717818378,17717818378,初二（2026年中考）,2,【杨浦江浦路】江浦路1500号(近控江路) 智慧树创意园区,17717818378,长按识别二维码
L12425,5月9日新高一_知伴社群,Momo（邱老师）,19514613193,初三（2025年中考）,1,【直播课】专属助教答疑督学,Momo（邱老师）,长按识别二维码
L12426,5月9日新高一_总部,大米,13701895951,初三（2025年中考）,1,【普陀曹杨路】中山北路2900号 东方国际元中大厦C座,大米,长按识别二维码
L12427,5月9日新高一_校区_日月光,谢小姐,18616505285,初三（2025年中考）,2,【徐汇日月光】漕溪路280号 汇腾广场,谢小姐,长按识别二维码
L12428,5月9日新高一_校区_金桥,萧翎,13917821734,初三（2025年中考）,1,【浦东金桥】地铁6号线 金桥路站,萧翎,长按识别二维码
L12429,5月9日新高一_知伴社群,小戴,13817284675,初三（2025年中考）,1,【直播课】专属助教答疑督学,小戴,长按识别二维码
L12430,5月9日新高一_知伴社群,黄望舒,18912196847,初三（2025年中考）,2,【直播课】专属助教答疑督学,黄望舒,长按识别二维码
L12431,5月9日新高一_知伴社群,陶,13917250795,初三（2025年中考）,2,【直播课】专属助教答疑督学,陶,长按识别二维码
L12433,5月9日新高一_知伴社群,陈锦,13764204718,初三（2025年中考）,1,【浦东金桥】地铁6号线 金桥路站,陈锦,长按识别二维码
L12434,5月9日新高一_总部,Ding,18721373626,初三（2025年中考）,2,【浦东蓝村路】蓝村路站 富都广场,Ding,长按识别二维码
L12435,5月9日新高一_知伴社群,张,18917869286,初三（2025年中考）,1,【闵行莲花路】沪闵路7876号 胜富仁大厦,张,长按识别二维码
L12436,5月9日新高一_知伴社群,常妈妈,13621721833,初三（2025年中考）,1,【闵行莲花路】沪闵路7876号 胜富仁大厦,常妈妈,长按识别二维码
L12437,5月9日新高一_校区_江浦路,MLUO,18616564727,初三（2025年中考）,1,【杨浦五角场】地铁10号线 江湾体育场站,MLUO,长按识别二维码
L12438,5月9日新高一_知伴社群,阮翠连,13127888123,初三（2025年中考）,1,【徐汇环贸】东湖路9号,阮翠连,长按识别二维码
L12439,5月9日新高一_知伴社群,施亮,15800589831,初三（2025年中考）,1,【浦东金桥】地铁6号线 金桥路站,施亮,长按识别二维码
L12440,5月9日新高一_总部直播,黄生,18800300981,初三（2025年中考）,1,【浦东蓝村路】蓝村路站 富都广场,黄生,长按识别二维码
L12442,5月9日新高一_总部,邱女士,13621189878,初三（2025年中考）,1,【浦东八佰伴】地铁9号线 商城路站,邱女士,微信其他入口
L12443,5月9日新高一_总部,Lisa,13817185821,初三（2025年中考）,1,【徐汇环贸】东湖路9号,Lisa,长按识别二维码
L12444,5月9日新高一_知伴社群,Cindy,13524137185,初三（2025年中考）,1,【浦东八佰伴】地铁9号线 商城路站,Cindy,长按识别二维码
L12445,5月9日新高一_知伴社群,LYLM,13391302131,初三（2025年中考）,1,【直播课】专属助教答疑督学,豆豆,长按识别二维码
L12446,5月9日新高一_总部,MLUO,18616564727,初三（2025年中考）,1,【杨浦五角场】地铁10号线 江湾体育场站,MLUO,长按识别二维码
L12447,5月9日新高一_总部,快乐的牛妈,13636337679,初三（2025年中考）,1,【直播课】专属助教答疑督学,快乐的牛妈,长按识别二维码
L12449,5月9日新高一_总部,甘清丛,18149716163,初三（2025年中考）,1,【直播课】专属助教答疑督学,甘清丛,长按识别二维码
L12450,5月9日新高一_知伴社群,妙童,13901763858,初三（2025年中考）,1,【普陀曹杨路】中山北路2900号 东方国际元中大厦C座,妙童,长按识别二维码
L12451,5月9日新高一_总部,蒋女士,13524841980,初三（2025年中考）,1,【徐汇环贸】东湖路9号,蒋女士,长按识别二维码
L12453,5月9日新高一_总部,滕先生,13564243353,初三（2025年中考）,1,【浦东蓝村路】蓝村路站 富都广场,滕先生,长按识别二维码
L12454,5月9日新高一_总部,yxjiang,13916086716,初三（2025年中考）,2,【直播课】专属助教答疑督学,yxjiang,长按识别二维码
L12455,5月9日新高一_总部,Michelle 贻,13770575058,初三（2025年中考）,1,【杨浦江浦路】江浦路1500号(近控江路) 智慧树创意园区,Michelle 贻,长按识别二维码
L12456,5月9日新高一_知伴社群,王先生,13918868915,初三（2025年中考）,1,【杨浦五角场】地铁10号线 江湾体育场站,王先生,长按识别二维码
L12458,5月9日新高一_知伴社群,犇妈,18221806280,初三（2025年中考）,1,【直播课】专属助教答疑督学,犇妈,长按识别二维码
L12459,5月9日新高一_知伴社群,大陈,13801659297,初三（2025年中考）,1,【直播课】专属助教答疑督学,大陈,长按识别二维码
L12460,5月9日新高一_总部,jenny,13916618578,初三（2025年中考）,1,【徐汇环贸】东湖路9号,jenny,长按识别二维码
L12461,5月9日新高一_知伴社群,严,13651797528,初三（2025年中考）,1,【浦东八佰伴】地铁9号线 商城路站,严,长按识别二维码
L12462,5月9日新高一_总部,李女士,13370201188,初三（2025年中考）,1,【浦东八佰伴】地铁9号线 商城路站,李女士,长按识别二维码
L12463,5月9日新高一_知伴社群,Lillian,13818734688,初三（2025年中考）,1,【直播课】专属助教答疑督学,Lillian,长按识别二维码
L12464,5月9日新高一_总部,玥鸣之时,15021230566,初三（2025年中考）,1,【浦东八佰伴】地铁9号线 商城路站,玥鸣之时,长按识别二维码
L12465,5月9日新高一_校区_曹杨路,李源,18116088576,初一（2027年中考）,1,【普陀曹杨路】中山北路2900号 东方国际元中大厦C座,李源,长按识别二维码
L12466,5月9日新高一_知伴社群,黄女士,13501720649,初三（2025年中考）,2,【闵行莲花路】沪闵路7876号 胜富仁大厦,黄女士,长按识别二维码
L12467,5月9日新高一_总部,zhang,15921179127,初三（2025年中考）,1,【浦东蓝村路】蓝村路站 富都广场,zhang,微信扫一扫
L12468,5月9日新高一_校区_莲花路,钱一铭,15000500188,初三（2025年中考）,1,【闵行莲花路】沪闵路7876号 胜富仁大厦,钱,长按识别二维码
L12469,5月9日新高一_总部,鲜沥历,18121117161,初三（2025年中考）,1,【直播课】专属助教答疑督学,鲜沥历,长按识别二维码
L12470,5月9日新高一_校区_蓝村路,王女士,13761821559,初三（2025年中考）,1,【浦东蓝村路】蓝村路站 富都广场,王女士,长按识别二维码
L12471,5月9日新高一_知伴社群,荘荘,19921837115,初二（2026年中考）,1,【浦东八佰伴】地铁9号线 商城路站,爸爸,长按识别二维码
L12472,5月9日新高一_知伴社群,林女士,18116262739,初三（2025年中考）,1,【杨浦江浦路】江浦路1500号(近控江路) 智慧树创意园区,林女士,长按识别二维码
L12473,5月9日新高一_知伴社群,凌,18516578992,初三（2025年中考）,1,【直播课】专属助教答疑督学,凌,长按识别二维码
L12474,5月9日新高一_总部,春安,17765179227,初三（2025年中考）,1,【直播课】专属助教答疑督学,春安,微信扫一扫
L12475,5月9日新高一_总部,HYD,13601993408,初三（2025年中考）,2,【直播课】专属助教答疑督学,HYD,长按识别二维码
L12478,5月9日新高一_知伴社群,小匀儿,13601851985,初三（2025年中考）,2,【徐汇环贸】东湖路9号,小匀儿,长按识别二维码
L12480,5月9日新高一_知伴社群,游啊游啊悠,13588736109,初三（2025年中考）,1,【浦东金桥】地铁6号线 金桥路站,游啊游啊悠,长按识别二维码
L12481,5月9日新高一_总部,林小泉,18918130686,初三（2025年中考）,1,【浦东蓝村路】蓝村路站 富都广场,林小泉,长按识别二维码
L12483,5月9日新高一_总部,李琳琳,13817097273,初三（2025年中考）,1,【直播课】专属助教答疑督学,李,微信其他入口
L12484,5月9日新高一_总部,Helen-欢,13641659670,初三（2025年中考）,1,【浦东蓝村路】蓝村路站 富都广场,Helen-欢,长按识别二维码
L12485,5月9日新高一_总部,融,17302155705,初三（2025年中考）,2,【徐汇环贸】东湖路9号,融,长按识别二维码
L12497,5月9日新高一_知伴社群,&⁶⁶⁶,18623163045,初三（2025年中考）,1,【浦东八佰伴】地铁9号线 商城路站,林小妈妈,长按识别二维码
L12503,5月9日新高一_校区_蓝村路,GrAce,13681806996,初一（2027年中考）,1,【浦东八佰伴】地铁9号线 商城路站,GrAce,长按识别二维码
L12505,5月9日新高一_知伴社群,方智康,13917545962,初三（2025年中考）,2,【普陀曹杨路】中山北路2900号 东方国际元中大厦C座,方智康,长按识别二维码
L12508,5月9日新高一_总部_公众号,妞妈,18019265411,初三（2025年中考）,1,【杨浦五角场】地铁10号线 江湾体育场站,妞妈,长按识别二维码
L12509,5月9日新高一_总部,一路生花,13371922711,初三（2025年中考）,2,【直播课】专属助教答疑督学,一路生花,长按识别二维码
L12513,5月9日新高一_校区_江浦路,kaka,18917007130,初三（2025年中考）,1,【杨浦江浦路】江浦路1500号(近控江路) 智慧树创意园区,kaka,长按识别二维码
L12517,5月9日新高一_总部,飘动的静云,13901602401,初三（2025年中考）,1,【直播课】专属助教答疑督学,飘动的静云,微信其他入口
L12530,5月9日新高一_总部,Irene,13801995595,初三（2025年中考）,1,【浦东金桥】地铁6号线 金桥路站,Irene,长按识别二维码
L12539,5月9日新高一_校区_蓝村路,李永,13916986004,初三（2025年中考）,2,【普陀曹杨路】中山北路2900号 东方国际元中大厦C座,李,长按识别二维码
L12545,5月9日新高一_总部,.雪人,13501654635,初三（2025年中考）,2,【浦东金桥】地铁6号线 金桥路站,.雪人,微信其他入口
L12546,5月9日新高一_知伴社群,周弋承,17821719825,初三（2025年中考）,2,【直播课】专属助教答疑督学,周弋承,长按识别二维码
L12550,5月9日新高一_总部,燕子,13402165868,初三（2025年中考）,1,【浦东金桥】地铁6号线 金桥路站,燕子,微信其他入口
L12555,5月9日新高一_总部,徐先生,13817191770,初三（2025年中考）,2,【普陀曹杨路】中山北路2900号 东方国际元中大厦C座,徐,长按识别二维码
L12556,5月9日新高一_总部,酶香难,13775235600,初三（2025年中考）,1,【直播课】专属助教答疑督学,酶香难,长按识别二维码
L12560,5月9日新高一_总部,尹女士,18616309896,初三（2025年中考）,1,【直播课】专属助教答疑督学,尹女士,长按识别二维码
L12565,5月9日新高一_总部,焦,13564503289,初三（2025年中考）,1,【直播课】专属助教答疑督学,焦,长按识别二维码
L12568,5月9日新高一_校区_莲花路,Sammi,15821818609,初三（2025年中考）,2,【闵行莲花路】沪闵路7876号 胜富仁大厦,韩昊东,长按识别二维码
L12571,5月9日新高一_总部,王先生,13816827084,初三（2025年中考）,1,【直播课】专属助教答疑督学,王先生,长按识别二维码
L12572,5月9日新高一_知伴社群,刘妈妈,13917892370,初三（2025年中考）,1,【直播课】专属助教答疑督学,刘妈妈,长按识别二维码
L12577,5月9日新高一_总部,花满庭院庭满花,15921423926,初三（2025年中考）,1,【浦东金桥】地铁6号线 金桥路站,花满庭院庭满花,微信其他入口
L12578,5月9日新高一_总部,朱俊宇,18117257109,初三（2025年中考）,1,【直播课】专属助教答疑督学,朱俊宇,长按识别二维码
L12579,5月9日新高一_总部,紫琪,18916997160,初二（2026年中考）,1,【闵行莲花路】沪闵路7876号 胜富仁大厦,蒋泽睿,微信其他入口
L12580,5月9日新高一_校区_蓝村路,陈,18001878201,初三（2025年中考）,1,【浦东金桥】地铁6号线 金桥路站,陈,长按识别二维码
L12586,5月9日新高一_总部,锋,13916434832,初三（2025年中考）,1,【浦东金桥】地铁6号线 金桥路站,锋,微信其他入口
L12588,5月9日新高一_总部,张先生,13880898499,初三（2025年中考）,2,【浦东八佰伴】地铁9号线 商城路站,张先生,长按识别二维码
L12601,5月9日新高一_总部直播,林妈妈,18019079007,初三（2025年中考）,1,【直播课】专属助教答疑督学,林妈妈,长按识别二维码
L12602,5月9日新高一_总部直播,迈优游,13817066702,初三（2025年中考）,1,【浦东八佰伴】地铁9号线 商城路站,迈优游,长按识别二维码
L12608,5月9日新高一_总部,陈先生,15821312196,初三（2025年中考）,1,【浦东八佰伴】地铁9号线 商城路站,陈先生,长按识别二维码
L12612,5月9日新高一_陈无极,戚先生,13386160815,初三（2025年中考）,1,【直播课】专属助教答疑督学,戚先生,长按识别二维码
L12613,5月9日新高一_总部,钱女士,18019032131,初三（2025年中考）,1,【普陀曹杨路】中山北路2900号 东方国际元中大厦C座,钱女士,微信其他入口
L12615,5月9日新高一_陈无极,陆女士,15921210246,初三（2025年中考）,1,【浦东八佰伴】地铁9号线 商城路站,陆女士,长按识别二维码
L12616,5月9日新高一_陈无极,souka,13817256401,初三（2025年中考）,1,【杨浦五角场】地铁10号线 江湾体育场站,souka,长按识别二维码
L12617,5月9日新高一_校区_日月光,Lisa 汪,18017365380,初三（2025年中考）,1,【徐汇日月光】漕溪路280号 汇腾广场,Lisa 汪,长按识别二维码
L12618,5月9日新高一_总部,吃颗糖吧,17621392688,初三（2025年中考）,2,【浦东蓝村路】蓝村路站 富都广场,吃颗糖吧,长按识别二维码
L12619,5月9日新高一_总部,dean,13816496777,初三（2025年中考）,2,【闵行莲花路】沪闵路7876号 胜富仁大厦,dean,微信其他入口
L12620,5月9日新高一_总部,横空出世,18019213570,初三（2025年中考）,1,【闵行七宝】地铁9号线七宝站1 汇宝广场,横空出世,微信其他入口
L12621,5月9日新高一_校区_曹杨路,zhengyi,13817011595,初三（2025年中考）,1,【普陀曹杨路】中山北路2900号 东方国际元中大厦C座,zhengyi,长按识别二维码
L12622,5月9日新高一_总部,李博凡,15921624064,初三（2025年中考）,1,【直播课】专属助教答疑督学,李博凡,微信其他入口
L12623,5月9日新高一_总部,途乐,13621912626,初三（2025年中考）,1,【浦东金桥】地铁6号线 金桥路站,高胜利,长按识别二维码
L12624,5月9日新高一_总部,高先生,13774252572,初二（2026年中考）,1,【杨浦江浦路】江浦路1500号(近控江路) 智慧树创意园区,高茗圆,微信其他入口
L12625,5月9日新高一_总部,周,18001980772,初二（2026年中考）,1,【直播课】专属助教答疑督学,周,长按识别二维码
L12626,5月9日新高一_总部,Suzy,13371896139,初三（2025年中考）,2,【杨浦江浦路】江浦路1500号(近控江路) 智慧树创意园区,苏女士,微信其他入口
L12627,5月9日新高一_总部,迈优游,13817066702,初三（2025年中考）,1,【直播课】专属助教答疑督学,迈优游,长按识别二维码
L12628,5月9日新高一_总部,金花,15000915521,初一（2027年中考）,1,【闵行七宝】地铁9号线七宝站1 汇宝广场,崔镇宇,长按识别二维码
L12630,5月9日新高一_校区_曹杨路,徐先生,13817191770,初三（2025年中考）,2,【普陀曹杨路】中山北路2900号 东方国际元中大厦C座,徐,长按识别二维码
L12631,5月9日新高一_总部,lucky妈,18917526360,初一（2027年中考）,1,【徐汇日月光】漕溪路280号 汇腾广场,lucky妈,微信其他入口
L12633,5月9日新高一_知伴社群,陈静,13764580577,初三（2025年中考）,2,【普陀曹杨路】中山北路2900号 东方国际元中大厦C座,陈静,长按识别二维码
L12634,5月9日新高一_总部,沈,13761190315,初三（2025年中考）,2,【杨浦五角场】地铁10号线 江湾体育场站,沈,微信其他入口
L12635,5月9日新高一_陈无极,吴先森,13918207907,初三（2025年中考）,1,【直播课】专属助教答疑督学,吴先森,长按识别二维码
L12636,5月9日新高一_总部,陆瑶华,15921231511,初三（2025年中考）,2,【普陀曹杨路】中山北路2900号 东方国际元中大厦C座,陆瑶华,微信其他入口
L12637,5月9日新高一_总部,xm,13817570765,初三（2025年中考）,1,【直播课】专属助教答疑督学,许女士,微信其他入口
L12638,5月9日新高一_总部,常老师,18917519912,初三（2025年中考）,1,【普陀曹杨路】中山北路2900号 东方国际元中大厦C座,常老师,微信其他入口
L12639,5月9日新高一_总部,贺芳,18521565594,初三（2025年中考）,1,【浦东蓝村路】蓝村路站 富都广场,贺芳,微信其他入口
L12640,5月9日新高一_总部,朱小姐,13816357377,其他,1,【浦东金桥】地铁6号线 金桥路站,朱小姐,长按识别二维码
L12641,5月9日新高一_总部,张,13685188969,初二（2026年中考）,2,【杨浦五角场】地铁10号线 江湾体育场站,张,长按识别二维码
L12642,5月9日新高一_总部,花草,13764678658,初三（2025年中考）,2,【直播课】专属助教答疑督学,花草,微信其他入口
L12647,5月9日新高一_总部,燕妮,13651760307,初二（2026年中考）,1,【直播课】专属助教答疑督学,燕妮,微信其他入口
L12650,5月9日新高一_总部,Shelly,18121160806,初三（2025年中考）,1,【直播课】专属助教答疑督学,Shelly,长按识别二维码
L12652,5月9日新高一_知伴社群,李,13818330858,初三（2025年中考）,1,【浦东蓝村路】蓝村路站 富都广场,李,长按识别二维码
L12653,5月9日新高一_总部,胡颖涵,13651645362,初三（2025年中考）,2,【直播课】专属助教答疑督学,胡颖涵,长按识别二维码
L12656,5月9日新高一_总部,仲女士,13816816115,初三（2025年中考）,1,【杨浦五角场】地铁10号线 江湾体育场站,仲女士,微信其他入口
L12657,5月9日新高一_总部,Cathy Ji,18512105593,初三（2025年中考）,1,【直播课】专属助教答疑督学,Cathy Ji,微信其他入口
L12658,5月9日新高一_总部,轩妈,13816537322,初三（2025年中考）,1,【杨浦五角场】地铁10号线 江湾体育场站,轩妈,长按识别二维码
L12659,5月9日新高一_总部,叶之宇,15800780061,初三（2025年中考）,2,【闵行七宝】地铁9号线七宝站1 汇宝广场,叶之宇,微信其他入口
L12660,5月9日新高一_总部,dingli,13816057138,初三（2025年中考）,1,【杨浦五角场】地铁10号线 江湾体育场站,dingli,长按识别二维码
L12661,5月9日新高一_总部,晓,18930512510,初三（2025年中考）,1,【直播课】专属助教答疑督学,晓,长按识别二维码
L12662,5月9日新高一_知伴社群,蔡小姐,15618270275,初三（2025年中考）,1,【杨浦五角场】地铁10号线 江湾体育场站,蔡小姐,长按识别二维码
L12663,5月9日新高一_知伴社群,吴小姐,13918778893,初三（2025年中考）,2,【杨浦五角场】地铁10号线 江湾体育场站,吴小姐,长按识别二维码
L12664,5月9日新高一_总部,风舟,15618096837,初三（2025年中考）,1,【普陀曹杨路】中山北路2900号 东方国际元中大厦C座,周锋,微信其他入口
L12665,5月9日新高一_总部,张女士,13564552256,初三（2025年中考）,1,【闵行莲花路】沪闵路7876号 胜富仁大厦,张女士,微信其他入口
L12666,5月9日新高一_总部,李先生,18616378970,初三（2025年中考）,1,【徐汇环贸】东湖路9号,李先生,微信其他入口
L12667,5月9日新高一_总部,陈美华,18918707986,初二（2026年中考）,1,【徐汇日月光】漕溪路280号 汇腾广场,陈美华,长按识别二维码
L12668,5月9日新高一_校区_日月光,胡女士,13472832107,初三（2025年中考）,1,【闵行莲花路】沪闵路7876号 胜富仁大厦,胡女士,长按识别二维码
L12669,5月9日新高一_总部,何安之,18801810003,初一（2027年中考）,1,【直播课】专属助教答疑督学,何安之,长按识别二维码
L12670,5月9日新高一_总部,Esther,18149780960,初三（2025年中考）,2,【杨浦五角场】地铁10号线 江湾体育场站,Esther,长按识别二维码
L12671,5月9日新高一_总部,王女士,13817780813,初三（2025年中考）,1,【普陀曹杨路】中山北路2900号 东方国际元中大厦C座,王女士,长按识别二维码
L12672,5月9日新高一_总部,朱小姐,13381567663,初三（2025年中考）,1,【徐汇日月光】漕溪路280号 汇腾广场,朱小姐,微信其他入口
L12674,5月9日新高一_校区_曹杨路,s,13817936155,初三（2025年中考）,2,【普陀曹杨路】中山北路2900号 东方国际元中大厦C座,沈丽萍,长按识别二维码
L12675,5月9日新高一_陈无极,尹女士,18616620715,初三（2025年中考）,1,【徐汇环贸】东湖路9号,尹女士,长按识别二维码
L12676,5月9日新高一_总部,Vicky,18616809576,初三（2025年中考）,2,【浦东八佰伴】地铁9号线 商城路站,Vicky,长按识别二维码
L12677,5月9日新高一_总部,tracy,13764101832,初三（2025年中考）,1,【浦东蓝村路】蓝村路站 富都广场,隆妈,微信其他入口
L12678,5月9日新高一_总部,尹女士,18616620715,初三（2025年中考）,1,【徐汇环贸】东湖路9号,尹女士,微信其他入口
L12680,5月9日新高一_陈无极,小橘灯,13636652503,初二（2026年中考）,2,【直播课】专属助教答疑督学,小橘灯,长按识别二维码
L12681,5月9日新高一_总部,冉子,13564257187,初三（2025年中考）,1,【直播课】专属助教答疑督学,冉子,长按识别二维码
L12683,5月9日新高一_知伴社群,沈女士,13641922603,初三（2025年中考）,1,【浦东蓝村路】蓝村路站 富都广场,沈女士,长按识别二维码
L12684,5月9日新高一_总部_公众号,思思妈妈,13564055858,初二（2026年中考）,1,【徐汇环贸】东湖路9号,思思,长按识别二维码
L12685,5月9日新高一_知伴社群,黄先生,15618582219,初三（2025年中考）,2,【闵行七宝】地铁9号线七宝站1 汇宝广场,黄先生,长按识别二维码
L12694,5月9日新高一_校区_蓝村路,花仙子,18721978970,初三（2025年中考）,1,【浦东蓝村路】蓝村路站 富都广场,马女士,长按识别二维码
L12696,5月9日新高一_校区_金桥,Linda Li,15921931916,初三（2025年中考）,1,【浦东金桥】地铁6号线 金桥路站,Linda Li,长按识别二维码
L12698,5月9日新高一_总部,茸茸,15901658665,初三（2025年中考）,1,【浦东蓝村路】蓝村路站 富都广场,刘先生,微信其他入口
L12699,5月9日新高一_知伴社群,Sophie,13816501191,初三（2025年中考）,1,【直播课】专属助教答疑督学,Sophie,长按识别二维码
L12700,5月9日新高一_总部,许女士,13391203405,初三（2025年中考）,2,【闵行七宝】地铁9号线七宝站1 汇宝广场,许女士,长按识别二维码
L12701,5月9日新高一_校区_蓝村路,卢先生,13311966672,初三（2025年中考）,1,【浦东金桥】地铁6号线 金桥路站,卢先生,微信扫一扫
L12703,5月9日新高一_总部,凡,18221532870,初三（2025年中考）,1,【闵行七宝】地铁9号线七宝站1 汇宝广场,凡,长按识别二维码
L12704,5月9日新高一_总部,王小芬,13764153175,初三（2025年中考）,2,【直播课】专属助教答疑督学,王小芬,微信其他入口
L12705,5月9日新高一_总部,洋宝,13918927336,初三（2025年中考）,1,【浦东金桥】地铁6号线 金桥路站,洋宝,长按识别二维码
L12707,5月9日新高一_渠道_知伴2,唐唐,13482652204,初三（2025年中考）,1,【浦东金桥】地铁6号线 金桥路站,唐唐,微信扫一扫
L12708,5月9日新高一_陈无极,Ll,13761987347,初三（2025年中考）,1,【徐汇环贸】东湖路9号,Ll,长按识别二维码
L12713,5月9日新高一_校区_蓝村路,范女士,18016009960,初三（2025年中考）,2,【浦东蓝村路】蓝村路站 富都广场,范女士,长按识别二维码
L12717,5月9日新高一_总部,菲儿,13816732339,初三（2025年中考）,1,【浦东蓝村路】蓝村路站 富都广场,菲儿,长按识别二维码
L12724,5月9日新高一_总部,悠悠,15021382768,初三（2025年中考）,1,【浦东八佰伴】地铁9号线 商城路站,悠悠,长按识别二维码
L12725,5月9日新高一_总部直播,小橙,13918935016,初三（2025年中考）,2,【直播课】专属助教答疑督学,小橙,长按识别二维码
L12728,5月9日新高一_总部直播,亦了凡,13916738980,初三（2025年中考）,1,【浦东金桥】地铁6号线 金桥路站,亦了凡,长按识别二维码
L12730,5月9日新高一_总部,高,18602114584,初三（2025年中考）,2,【直播课】专属助教答疑督学,高,微信其他入口
L12733,5月9日新高一_总部,秦女士,18616019929,初二（2026年中考）,2,【浦东蓝村路】蓝村路站 富都广场,陈晓鸣,微信其他入口
L12734,5月9日新高一_校区_江浦路,叶小姐,18021098509,初二（2026年中考）,2,【杨浦五角场】地铁10号线 江湾体育场站,叶小姐,微信扫一扫
L12737,5月9日新高一_总部,伟中,13917978800,初三（2025年中考）,1,【浦东金桥】地铁6号线 金桥路站,伟中,微信其他入口
L12738,5月9日新高一_校区_日月光,毛哲峰,13601753978,初三（2025年中考）,1,【杨浦五角场】地铁10号线 江湾体育场站,毛哲峰,长按识别二维码
L12743,5月9日新高一_校区_八佰伴,朱女士,16621082825,初三（2025年中考）,1,【浦东金桥】地铁6号线 金桥路站,朱女士,长按识别二维码
L12745,5月9日新高一_总部,王女士,13641857751,初三（2025年中考）,1,【浦东蓝村路】蓝村路站 富都广场,王女士,长按识别二维码
L12748,5月9日新高一_总部,徐女士,18651078812,初二（2026年中考）,2,【徐汇环贸】东湖路9号,徐女士,长按识别二维码
L12749,5月9日新高一_校区_金桥,韩先生,13918416446,初三（2025年中考）,1,【浦东蓝村路】蓝村路站 富都广场,韩先生,微信扫一扫
L12751,5月9日新高一_校区_蓝村路,GrAce,15000152638,初一（2027年中考）,1,【浦东八佰伴】地铁9号线 商城路站,GrAce,长按识别二维码
L12753,5月9日新高一_总部,周,18964927685,初三（2025年中考）,1,【浦东金桥】地铁6号线 金桥路站,周,长按识别二维码
L12755,5月9日新高一_校区_日月光,付妈妈,13774265445,初三（2025年中考）,1,【徐汇日月光】漕溪路280号 汇腾广场,付妈妈,从相册选取二维码
L12756,5月9日新高一_校区_五角场,香蕉妳个芭拉,13917118720,初三（2025年中考）,2,【闵行莲花路】沪闵路7876号 胜富仁大厦,香蕉妳个芭拉,长按识别二维码
L12757,5月9日新高一_总部,王女士,13524001660,初三（2025年中考）,2,【直播课】专属助教答疑督学,王女士,长按识别二维码
L12758,5月9日新高一_校区_金桥,彭女士,15921880120,初三（2025年中考）,1,【浦东八佰伴】地铁9号线 商城路站,韩嘉齐,微信扫一扫
L12759,5月9日新高一_校区_直播课,dilys,13564539481,初三（2025年中考）,2,【直播课】专属助教答疑督学,dilys,长按识别二维码
L12760,5月9日新高一_校区_江浦路,张手机,18930067976,初一（2027年中考）,1,【浦东八佰伴】地铁9号线 商城路站,张手机,长按识别二维码
L12761,5月9日新高一_校区_金桥,喃喃自语,13817104510,初三（2025年中考）,1,【浦东蓝村路】蓝村路站 富都广场,浩轩妈妈,长按识别二维码
L12763,5月9日新高一_总部,一米阳光,13701865829,初二（2026年中考）,1,【浦东金桥】地铁6号线 金桥路站,刘女士,长按识别二维码
L12764,5月9日新高一_总部,小满妈妈,13918137927,初三（2025年中考）,1,【浦东金桥】地铁6号线 金桥路站,小满妈妈,微信其他入口
L12765,5月9日新高一_总部,Maggie,15000708907,初三（2025年中考）,1,【浦东金桥】地铁6号线 金桥路站,Maggie,微信扫一扫
L12766,5月9日新高一_校区_江浦路,雯雯妈妈,13816025375,初三（2025年中考）,1,【杨浦江浦路】江浦路1500号(近控江路) 智慧树创意园区,雯雯妈妈,长按识别二维码
L12767,5月9日新高一_校区_江浦路,朱琪琪,13564388481,初三（2025年中考）,1,【杨浦江浦路】江浦路1500号(近控江路) 智慧树创意园区,朱琪琪,微信扫一扫
L12768,5月9日新高一_总部,Daisy,13331821766,初三（2025年中考）,1,【直播课】专属助教答疑督学,Daisy,长按识别二维码
L12769,5月9日新高一_总部,马,17721234569,初三（2025年中考）,2,【浦东蓝村路】蓝村路站 富都广场,马,长按识别二维码
L12770,5月9日新高一_总部,丽萨,18201807330,初三（2025年中考）,1,【徐汇日月光】漕溪路280号 汇腾广场,丽萨,微信其他入口
L12771,5月9日新高一_总部,俞女士,18901787061,初三（2025年中考）,1,【浦东八佰伴】地铁9号线 商城路站,俞女士,长按识别二维码
L12773,5月9日新高一_总部,俞女士,13817626186,初三（2025年中考）,1,【浦东八佰伴】地铁9号线 商城路站,俞女士,微信其他入口
L12774,5月9日新高一_总部,贺秋,13917860702,初三（2025年中考）,1,【杨浦五角场】地铁10号线 江湾体育场站,贺秋,微信其他入口
L12775,5月9日新高一_渠道_西玲,周瑄,18616505632,初二（2026年中考）,1,【直播课】专属助教答疑督学,周瑄,微信扫一扫
L12776,5月9日新高一_总部,辛女士,15900863882,初三（2025年中考）,1,【普陀曹杨路】中山北路2900号 东方国际元中大厦C座,辛女士,长按识别二维码
L12777,5月9日新高一_校区_曹杨路,安娜炒芹菜13611770607,13611770607,初三（2025年中考）,1,【普陀曹杨路】中山北路2900号 东方国际元中大厦C座,安娜????炒芹菜13611770607,长按识别二维码
L12778,5月9日新高一_校区_曹杨路,Felix,17701769938,初三（2025年中考）,1,【普陀曹杨路】中山北路2900号 东方国际元中大厦C座,Felix,长按识别二维码
L12779,5月9日新高一_校区_八佰伴,俞女士,13817626186,初三（2025年中考）,1,【浦东八佰伴】地铁9号线 商城路站,俞女士,长按识别二维码
L12780,5月9日新高一_渠道_知伴2,徐女士,13916054490,初一（2027年中考）,1,【闵行七宝】地铁9号线七宝站1 汇宝广场,徐女士,长按识别二维码
L12781,5月9日新高一_总部,123,13916878323,初三（2025年中考）,1,【浦东金桥】地铁6号线 金桥路站,123,微信其他入口
L12783,5月9日新高一_知伴社群,judy chen,13611686301,初三（2025年中考）,1,【直播课】专属助教答疑督学,judy chen,长按识别二维码
L12784,5月9日新高一_校区_蓝村路,杨ʚ,15821400030,初三（2025年中考）,1,【浦东蓝村路】蓝村路站 富都广场,杨ʚ,长按识别二维码
L12785,5月9日新高一_校区_莲花路,曹,13915481573,初三（2025年中考）,1,【浦东金桥】地铁6号线 金桥路站,曹,长按识别二维码
L12786,5月9日新高一_总部,Ivy,13816710952,初三（2025年中考）,2,【浦东八佰伴】地铁9号线 商城路站,Ivy,微信其他入口
L12787,5月9日新高一_总部,郭先生,13402121910,初三（2025年中考）,1,【浦东八佰伴】地铁9号线 商城路站,郭先生,微信扫一扫
L12788,5月9日新高一_总部,张,13918936931,初三（2025年中考）,1,【直播课】专属助教答疑督学,张,长按识别二维码
L12789,5月9日新高一_校区_环贸,亚亚,19945648248,初三（2025年中考）,1,【直播课】专属助教答疑督学,亚亚,长按识别二维码
L12790,5月9日新高一_校区_曹杨路,武先生,13386037507,初三（2025年中考）,1,【普陀曹杨路】中山北路2900号 东方国际元中大厦C座,武先生,长按识别二维码
L12791,5月9日新高一_总部,陈女士,13661789065,初三（2025年中考）,1,【浦东蓝村路】蓝村路站 富都广场,陈女士,长按识别二维码
L12792,5月9日新高一_校区_日月光,周纯,13570219800,初三（2025年中考）,1,【徐汇日月光】漕溪路280号 汇腾广场,周纯,长按识别二维码
L12793,5月9日新高一_总部,刘女士,13818610869,初三（2025年中考）,1,【闵行七宝】地铁9号线七宝站1 汇宝广场,刘女士,长按识别二维码
L12794,5月9日新高一_校区_蓝村路,pai,18019007889,初一（2027年中考）,1,【浦东八佰伴】地铁9号线 商城路站,pai,长按识别二维码
L12795,5月9日新高一_知伴社群,秉,13601903384,初三（2025年中考）,1,【浦东八佰伴】地铁9号线 商城路站,秉,长按识别二维码
L12796,5月9日新高一_校区_环贸,W,13817886782,初三（2025年中考）,1,【徐汇环贸】东湖路9号,王女士,长按识别二维码
L12797,5月9日新高一_总部,赵女士,13918219660,初三（2025年中考）,1,【直播课】专属助教答疑督学,赵女士,长按识别二维码
L12798,5月9日新高一_校区_蓝村路,朱古力,13764578146,初一（2027年中考）,2,【浦东八佰伴】地铁9号线 商城路站,朱古力,长按识别二维码
L12799,5月9日新高一_校区_七宝,张涵瑞,15162119555,初三（2025年中考）,2,【闵行莲花路】沪闵路7876号 胜富仁大厦,张涵瑞,长按识别二维码
L12800,5月9日新高一_知伴社群,乐宸,13901633160,初三（2025年中考）,1,【直播课】专属助教答疑督学,乐宸,长按识别二维码
L12801,5月9日新高一_渠道_哈童,余圆圆妈妈,13816658917,初一（2027年中考）,1,【杨浦五角场】地铁10号线 江湾体育场站,余圆圆妈妈,长按识别二维码
L12802,5月9日新高一_知伴社群,杨旭黎,18917285186,初三（2025年中考）,1,【直播课】专属助教答疑督学,杨旭黎,微信扫一扫
L12803,5月9日新高一_校区_日月光,周莹,13701708454,初三（2025年中考）,2,【徐汇日月光】漕溪路280号 汇腾广场,周莹,长按识别二维码
L12805,5月9日新高一_校区_曹杨路,赳赳,13761198778,初三（2025年中考）,1,【普陀曹杨路】中山北路2900号 东方国际元中大厦C座,赳赳,长按识别二维码
L12807,5月9日新高一_总部_公众号,Jenny Li,18116173582,初三（2025年中考）,1,【浦东金桥】地铁6号线 金桥路站,Jenny Li,长按识别二维码
L12808,5月9日新高一_总部,AA 暖通工程侯斌,15921568948,初三（2025年中考）,1,【杨浦江浦路】江浦路1500号(近控江路) 智慧树创意园区,AA 暖通工程侯斌,微信其他入口
L12809,5月9日新高一_校区_环贸,王女士,13524001660,初三（2025年中考）,2,【直播课】专属助教答疑督学,王女士,长按识别二维码
L12810,5月9日新高一_知伴社群,张女士,15000328626,初三（2025年中考）,1,【直播课】专属助教答疑督学,张,微信扫一扫
L12812,5月9日新高一_总部_公众号,大王,18918171069,初一（2027年中考）,1,【浦东八佰伴】地铁9号线 商城路站,大王,从相册选取二维码
L12814,5月9日新高一_校区_蓝村路,乐虎妈妈,13916225329,初三（2025年中考）,2,【浦东金桥】地铁6号线 金桥路站,乐虎妈妈,微信扫一扫
L12816,5月9日新高一_校区_金桥,翟,13524867512,初三（2025年中考）,1,【浦东蓝村路】蓝村路站 富都广场,翟,长按识别二维码
L12817,5月9日新高一_渠道_知伴2,何小姐,13918695686,初二（2026年中考）,2,【浦东八佰伴】地铁9号线 商城路站,何小姐,长按识别二维码
L12818,5月9日新高一_数学王老师,朱,18616008633,初三（2025年中考）,1,【浦东八佰伴】地铁9号线 商城路站,朱,长按识别二维码
L12822,5月9日新高一_校区_金桥,何女士,15800484945,初一（2027年中考）,1,【直播课】专属助教答疑督学,张佳佳,长按识别二维码
L12824,5月9日新高一_总部,李,18721504582,初三（2025年中考）,2,【浦东金桥】地铁6号线 金桥路站,李,长按识别二维码
L12825,5月9日新高一_知伴社群,赵女士,15800501308,初三（2025年中考）,1,【普陀曹杨路】中山北路2900号 东方国际元中大厦C座,赵女士,微信扫一扫
L12826,5月9日新高一_校区_蓝村路,项女士,13817108433,初三（2025年中考）,1,【浦东蓝村路】蓝村路站 富都广场,项女士,长按识别二维码
L12827,5月9日新高一_校区_莲花路,灵水清盈,13585955561,初三（2025年中考）,1,【闵行莲花路】沪闵路7876号 胜富仁大厦,灵水清盈,长按识别二维码
L12829,5月9日新高一_总部,张,18918701087,初二（2026年中考）,1,【浦东八佰伴】地铁9号线 商城路站,赵萱,长按识别二维码
L12830,5月9日新高一_校区_曹杨路,金金,13621742021,初三（2025年中考）,1,【普陀曹杨路】中山北路2900号 东方国际元中大厦C座,金金,微信扫一扫
L12831,5月9日新高一_校区_曹杨路,胡女士,13761167023,初三（2025年中考）,1,【徐汇环贸】东湖路9号,胡女士,长按识别二维码
L12832,5月9日新高一_校区_莲花路,梁女士,13761656605,初三（2025年中考）,1,【闵行莲花路】沪闵路7876号 胜富仁大厦,梁女士,微信扫一扫
L12834,5月9日新高一_总部,珍妮特菲菲（Janet Zeng）,15821664392,初三（2025年中考）,1,【浦东金桥】地铁6号线 金桥路站,珍妮特菲菲（Janet Zeng）,长按识别二维码
L12835,5月9日新高一_总部_公众号,张永峰,13816763007,初三（2025年中考）,1,【浦东蓝村路】蓝村路站 富都广场,张永峰,长按识别二维码
L12836,5月9日新高一_总部,陈欣然,13681669460,初三（2025年中考）,1,【直播课】专属助教答疑督学,陈欣然,微信其他入口
L12838,5月9日新高一_校区_日月光,柯女士,13564523983,初三（2025年中考）,2,【直播课】专属助教答疑督学,柯女士,长按识别二维码
L12839,5月9日新高一_校区_曹杨路,锦叶,13386156318,初三（2025年中考）,1,【直播课】专属助教答疑督学,锦叶,微信扫一扫
L12840,5月9日新高一_总部,赵女士,18616568390,初三（2025年中考）,2,【徐汇日月光】漕溪路280号 汇腾广场,赵女士,长按识别二维码
L12841,5月9日新高一_校区_八佰伴,ellen,13585707024,初三（2025年中考）,1,【浦东八佰伴】地铁9号线 商城路站,ellen,长按识别二维码
L12842,5月9日新高一_校区_蓝村路,Ywanli2001,13386100287,初三（2025年中考）,1,【徐汇日月光】漕溪路280号 汇腾广场,Ywanli2001,长按识别二维码
L12845,5月9日新高一_总部,莫先生,18019385499,其他,2,【直播课】专属助教答疑督学,莫先生,长按识别二维码
L12846,5月9日新高一_校区_蓝村路,陈,13585768553,初三（2025年中考）,1,【浦东八佰伴】地铁9号线 商城路站,陈,微信扫一扫
L12847,5月9日新高一_总部,vivian he,13818313710,初二（2026年中考）,1,【直播课】专属助教答疑督学,vivian he,长按识别二维码
L12849,5月9日新高一_总部,孟真,18221851623,初三（2025年中考）,1,【徐汇日月光】漕溪路280号 汇腾广场,孟真,微信其他入口
L12850,5月9日新高一_总部,孙,13918754084,初三（2025年中考）,2,【浦东蓝村路】蓝村路站 富都广场,孙,长按识别二维码
L12852,5月9日新高一_知伴社群,黄女士,18917521863,初三（2025年中考）,1,【直播课】专属助教答疑督学,黄女士,长按识别二维码
L12853,5月9日新高一_总部,桂桂家长,13817691590,初三（2025年中考）,1,【直播课】专属助教答疑督学,桂桂家长,微信其他入口
L12855,5月9日新高一_校区_日月光,杨同学家长,15821049201,初三（2025年中考）,1,【闵行莲花路】沪闵路7876号 胜富仁大厦,杨同学家长,长按识别二维码
L12856,5月9日新高一_总部,小燕子,13564075580,初三（2025年中考）,1,【直播课】专属助教答疑督学,小燕子,长按识别二维码
L12857,5月9日新高一_总部,马华,15901753909,初三（2025年中考）,1,【普陀曹杨路】中山北路2900号 东方国际元中大厦C座,马华,长按识别二维码
L12858,5月9日新高一_总部,方女士,18017313992,初三（2025年中考）,2,【直播课】专属助教答疑督学,方女士,长按识别二维码
L12859,5月9日新高一_总部,dilys,13564539481,初三（2025年中考）,2,【直播课】专属助教答疑督学,dilys,长按识别二维码
L12860,5月9日新高一_校区_曹杨路,涵妈,18918396956,初三（2025年中考）,2,【普陀曹杨路】中山北路2900号 东方国际元中大厦C座,涵妈,长按识别二维码
L12861,5月9日新高一_总部,Linda,18621528510,初三（2025年中考）,1,【浦东蓝村路】蓝村路站 富都广场,李,微信其他入口
L12862,5月9日新高一_总部_公众号,王妈,13761290165,初三（2025年中考）,1,【浦东金桥】地铁6号线 金桥路站,王妈,微信扫一扫
L12863,5月9日新高一_总部,尹女士,18001702869,初三（2025年中考）,2,【闵行七宝】地铁9号线七宝站1 汇宝广场,尹女士,长按识别二维码
L12867,5月9日新高一_校区_江浦路,刘惠,18601658433,初三（2025年中考）,1,【杨浦五角场】地铁10号线 江湾体育场站,刘惠,微信扫一扫
L12868,5月9日新高一_总部,jessie,18621855703,初三（2025年中考）,1,【直播课】专属助教答疑督学,jessie,微信其他入口
L12869,5月9日新高一_总部,王辰,13636589574,初三（2025年中考）,1,【闵行七宝】地铁9号线七宝站1 汇宝广场,王辰,长按识别二维码
L12870,5月9日新高一_总部,舞马遛羊,13818417566,初三（2025年中考）,1,【浦东金桥】地铁6号线 金桥路站,舞马遛羊,长按识别二维码
L12871,5月9日新高一_总部,Emily,13917743327,初三（2025年中考）,1,【杨浦江浦路】江浦路1500号(近控江路) 智慧树创意园区,Emily,长按识别二维码
L12872,5月9日新高一_校区_蓝村路,吕,13641718784,初三（2025年中考）,1,【浦东蓝村路】蓝村路站 富都广场,吕,微信扫一扫
L12873,5月9日新高一_校区_莲花路,群,13917251639,初三（2025年中考）,1,【闵行莲花路】沪闵路7876号 胜富仁大厦,群,长按识别二维码
L12875,5月9日新高一_总部,陈先生,13918676748,初三（2025年中考）,1,【浦东金桥】地铁6号线 金桥路站,陈先生,长按识别二维码
L12879,5月9日新高一_总部_公众号,niki,13761278255,初三（2025年中考）,2,【浦东八佰伴】地铁9号线 商城路站,niki,长按识别二维码
L12881,5月9日新高一_校区_曹杨路,马女士,18616027383,初三（2025年中考）,1,【普陀曹杨路】中山北路2900号 东方国际元中大厦C座,马女士,长按识别二维码
L12882,5月9日新高一_校区_日月光,许女士,13951270911,初三（2025年中考）,1,【徐汇环贸】东湖路9号,许女士,长按识别二维码
L12883,5月9日新高一_校区_莲花路,王祥,18621990168,初三（2025年中考）,1,【闵行莲花路】沪闵路7876号 胜富仁大厦,王祥,长按识别二维码
L12884,5月9日新高一_校区_日月光,丁女士,13321962253,初三（2025年中考）,1,【徐汇日月光】漕溪路280号 汇腾广场,丁小姐,长按识别二维码
L12885,5月9日新高一_校区_环贸,陈,13386267453,初三（2025年中考）,1,【直播课】专属助教答疑督学,陈,长按识别二维码
L12889,5月9日新高一_校区_日月光,sunnie,13816032689,初三（2025年中考）,1,【徐汇日月光】漕溪路280号 汇腾广场,sunnie,长按识别二维码
L12890,5月9日新高一_总部,金,13818093223,初三（2025年中考）,1,【浦东蓝村路】蓝村路站 富都广场,金,微信其他入口
L12893,5月9日新高一_总部,果妈,13910507660,初三（2025年中考）,1,【浦东八佰伴】地铁9号线 商城路站,果妈,微信其他入口
L12894,5月9日新高一_校区_日月光,王丽丽,13681752874,初三（2025年中考）,1,【徐汇日月光】漕溪路280号 汇腾广场,王丽丽,长按识别二维码
L12895,5月9日新高一_总部,瑜骏糖糖️,13701833962,初三（2025年中考）,2,【浦东八佰伴】地铁9号线 商城路站,唐女士,长按识别二维码
L12897,5月9日新高一_总部,陈,13818073889,初三（2025年中考）,1,【杨浦江浦路】江浦路1500号(近控江路) 智慧树创意园区,陈,长按识别二维码
L12898,5月9日新高一_知伴社群,美春,17721211455,初三（2025年中考）,2,【浦东八佰伴】地铁9号线 商城路站,美春,长按识别二维码
L12902,5月9日新高一_总部直播,蓦然书画,19916752015,初三（2025年中考）,1,【直播课】专属助教答疑督学,蓦然书画,长按识别二维码
L12918,5月9日新高一_校区_环贸,许女士,13951270911,初三（2025年中考）,2,【直播课】专属助教答疑督学,许女士,长按识别二维码
L12919,5月9日新高一_总部,傅齐斌,18621561167,初三（2025年中考）,1,【杨浦五角场】地铁10号线 江湾体育场站,傅齐斌,微信其他入口
L12923,5月9日新高一_总部,傅齐斌,13817976677,初三（2025年中考）,1,【杨浦五角场】地铁10号线 江湾体育场站,傅齐斌,微信扫一扫
L12927,5月9日新高一_总部,小唐妈妈,13917750402,初三（2025年中考）,1,【浦东金桥】地铁6号线 金桥路站,caddie,微信其他入口
L12928,5月9日新高一_总部,汪女士,13482126379,初二（2026年中考）,1,【闵行七宝】地铁9号线七宝站1 汇宝广场,Alvin ,微信其他入口
L12934,5月9日新高一_陈无极,王晔,13501736842,初三（2025年中考）,1,【直播课】专属助教答疑督学,王晔,长按识别二维码
L12938,5月9日新高一_总部,Jack,13524226768,初三（2025年中考）,1,【直播课】专属助教答疑督学,Jack,微信其他入口
L12953,5月9日新高一_总部,小冒雨ૐ,13671769532,初三（2025年中考）,1,【闵行莲花路】沪闵路7876号 胜富仁大厦,小冒雨ૐ,长按识别二维码
L12958,5月9日新高一_总部,f,19921233464,初三（2025年中考）,1,【直播课】专属助教答疑督学,f,长按识别二维码
L12963,5月9日新高一_总部,妞妈,18019265411,初三（2025年中考）,1,【直播课】专属助教答疑督学,妞妈,长按识别二维码
L12964,5月9日新高一_总部,杨女士,17721218680,初三（2025年中考）,1,【普陀曹杨路】中山北路2900号 东方国际元中大厦C座,杨女士,微信其他入口
L12970,5月9日新高一_总部直播,敏,13816006930,初三（2025年中考）,1,【普陀曹杨路】中山北路2900号 东方国际元中大厦C座,敏,长按识别二维码
L12974,5月9日新高一_校区_环贸,予思妈妈,16621226889,初三（2025年中考）,1,【杨浦江浦路】江浦路1500号(近控江路) 智慧树创意园区,予思妈妈,长按识别二维码
L12975,5月9日新高一_渠道_知伴2,顾女士,13585866597,初三（2025年中考）,1,【浦东金桥】地铁6号线 金桥路站,顾女士,长按识别二维码
L12977,5月9日新高一_总部_公众号,Lillian,15821978380,初一（2027年中考）,1,【直播课】专属助教答疑督学,Lillian,长按识别二维码
L12979,5月9日新高一_知伴社群,蔡女士,18918513013,初三（2025年中考）,2,【闵行七宝】地铁9号线七宝站1 汇宝广场,蔡女士,长按识别二维码
L12980,5月9日新高一_总部,依依,15801982558,初三（2025年中考）,1,【直播课】专属助教答疑督学,依依,微信其他入口
L12981,5月9日新高一_总部,洁,18001864884,初三（2025年中考）,1,【直播课】专属助教答疑督学,洁,长按识别二维码
L12984,5月9日新高一_校区_江浦路,lucy,13917811833,初二（2026年中考）,1,【直播课】专属助教答疑督学,lucy,长按识别二维码
L12986,5月9日新高一_总部,邵先生,13321880863,初三（2025年中考）,1,【普陀曹杨路】中山北路2900号 东方国际元中大厦C座,邵先生,微信其他入口
L12990,5月9日新高一_陈无极,王先生,15921612953,初三（2025年中考）,1,【直播课】专属助教答疑督学,王先生,长按识别二维码
L12991,5月9日新高一_校区_日月光,王小杰妈妈,13916709191,初三（2025年中考）,2,【浦东蓝村路】蓝村路站 富都广场,袁海容,长按识别二维码
L12992,5月9日新高一_渠道_知伴3,袁妈,18221763632,初一（2027年中考）,1,【徐汇环贸】东湖路9号,袁妈,长按识别二维码
L12993,5月9日新高一_渠道_知伴3,莉女士,15801960948,初二（2026年中考）,2,【杨浦五角场】地铁10号线 江湾体育场站,莉女士,长按识别二维码
L12994,5月9日新高一_渠道_知伴3,张女士,13917676178,其他,1,【杨浦江浦路】江浦路1500号(近控江路) 智慧树创意园区,张女士,长按识别二维码
L12995,5月9日新高一_渠道_知伴3,张女士,15102173483,初二（2026年中考）,1,【直播课】专属助教答疑督学,张女士,长按识别二维码
L12996,5月9日新高一_渠道_知伴3,乐樂,13917715021,其他,1,【徐汇日月光】漕溪路280号 汇腾广场,乐樂,长按识别二维码
L12997,5月9日新高一_校区_江浦路,l超哥,13061755997,初二（2026年中考）,2,【直播课】专属助教答疑督学,l超哥,长按识别二维码
L12998,5月9日新高一_渠道_知伴3,龚女士,13501732925,其他,1,【浦东八佰伴】地铁9号线 商城路站,龚女士,长按识别二维码
L13010,5月9日新高一_总部,冰,13661653046,初三（2025年中考）,2,【普陀曹杨路】中山北路2900号 东方国际元中大厦C座,祁女士,长按识别二维码
L13016,5月9日新高一_渠道_魔都升学圈,熊先生,18621718936,初三（2025年中考）,1,【直播课】专属助教答疑督学,熊先生,长按识别二维码
L13017,5月9日新高一_渠道_知伴2,Doris,13816448527,初二（2026年中考）,1,【浦东金桥】地铁6号线 金桥路站,Doris,微信扫一扫
L13019,5月9日新高一_渠道_知伴3,康康的夫夫,18616012606,初三（2025年中考）,1,【闵行七宝】地铁9号线七宝站1 汇宝广场,康康的夫夫,长按识别二维码
L13020,5月9日新高一_知伴社群,ZL,13564422658,初三（2025年中考）,1,【闵行莲花路】沪闵路7876号 胜富仁大厦,ZL,长按识别二维码
L13024,5月9日新高一_总部_公众号,杨女士,15216707242,初二（2026年中考）,2,【直播课】专属助教答疑督学,杨女士,长按识别二维码
L13035,5月9日新高一_校区_环贸,蒋女士,13072186136,初三（2025年中考）,1,【普陀曹杨路】中山北路2900号 东方国际元中大厦C座,jiang,长按识别二维码
L13039,5月9日新高一_校区_曹杨路,绿色心情,18149726781,初三（2025年中考）,2,【普陀曹杨路】中山北路2900号 东方国际元中大厦C座,绿色心情,长按识别二维码
L13041,5月9日新高一_校区_曹杨路,春暖花开,13661927862,初三（2025年中考）,1,【普陀曹杨路】中山北路2900号 东方国际元中大厦C座,春暖花开,从相册选取二维码
L13045,5月9日新高一_渠道_知伴3,丁先生,15026576627,初三（2025年中考）,2,【杨浦五角场】地铁10号线 江湾体育场站,丁先生,长按识别二维码
L13049,5月9日新高一_渠道_知伴2,王女士,13801766119,初三（2025年中考）,1,【普陀曹杨路】中山北路2900号 东方国际元中大厦C座,王女士,长按识别二维码
L13050,5月9日新高一_渠道_魔都升学圈,毛毛,13564312536,初三（2025年中考）,1,【浦东蓝村路】蓝村路站 富都广场,毛毛,微信扫一扫
L13054,5月9日新高一_知伴社群,叶女士,13818366114,初三（2025年中考）,1,【浦东八佰伴】地铁9号线 商城路站,叶女士,微信扫一扫
L13056,5月9日新高一_总部,RF Cheung,17811891626,初三（2025年中考）,1,【徐汇环贸】东湖路9号,RF Cheung,长按识别二维码
L13059,5月9日新高一_总部,RF Cheung,13661622366,初三（2025年中考）,2,【徐汇日月光】漕溪路280号 汇腾广场,RF Cheung,长按识别二维码
L13061,5月9日新高一_渠道_知伴3,董国瑞,15102173482,初二（2026年中考）,1,【浦东金桥】地铁6号线 金桥路站,董帅兵,长按识别二维码
L13064,5月9日新高一_渠道_知伴2,冉妈,13817870845,初三（2025年中考）,1,【浦东八佰伴】地铁9号线 商城路站,冉妈,长按识别二维码
L13066,5月9日新高一_品牌,费女士,18502115737,初二（2026年中考）,2,【徐汇日月光】漕溪路280号 汇腾广场,Alex,长按识别二维码
L13067,5月9日新高一_校区_环贸,李,18116305475,初二（2026年中考）,1,【浦东金桥】地铁6号线 金桥路站,李,从相册选取二维码
L13071,5月9日新高一_知伴社群,何女士,13621626826,初三（2025年中考）,1,【闵行莲花路】沪闵路7876号 胜富仁大厦,何女士,长按识别二维码
L13072,5月9日新高一_校区_环贸,秦女士,13917298095,初二（2026年中考）,1,【浦东八佰伴】地铁9号线 商城路站,秦敏,长按识别二维码
L13075,5月9日新高一_知伴社群,陆,13917871600,初三（2025年中考）,1,【闵行七宝】地铁9号线七宝站1 汇宝广场,陆,长按识别二维码
L13076,5月9日新高一_校区_日月光,吴雅芳 Wendy,13512104604,初三（2025年中考）,2,【杨浦江浦路】江浦路1500号(近控江路) 智慧树创意园区,吴雅芳 Wendy,微信扫一扫
L13078,5月9日新高一_校区_莲花路,张,15902175797,初三（2025年中考）,1,【闵行莲花路】沪闵路7876号 胜富仁大厦,张,长按识别二维码
L13079,5月9日新高一_校区_八佰伴,眉里,18964591469,初三（2025年中考）,1,【浦东八佰伴】地铁9号线 商城路站,眉里,长按识别二维码
L13080,5月9日新高一_渠道_知伴3,琪琪妈妈,18018682736,初三（2025年中考）,2,【浦东蓝村路】蓝村路站 富都广场,琪琪妈妈,长按识别二维码
L13082,5月9日新高一_总部,Monica,13916320925,初三（2025年中考）,1,【杨浦五角场】地铁10号线 江湾体育场站,陈旭雯,长按识别二维码
L13083,5月9日新高一_总部直播,于女士,13817449219,初三（2025年中考）,1,【浦东八佰伴】地铁9号线 商城路站,于女士,长按识别二维码
L13085,5月9日新高一_总部,乐虎妈妈,13916225329,初三（2025年中考）,2,【浦东金桥】地铁6号线 金桥路站,乐虎妈妈,长按识别二维码
L13086,5月9日新高一_总部,cc123,13361853309,初三（2025年中考）,1,【浦东八佰伴】地铁9号线 商城路站,cc123,长按识别二维码
L13087,5月9日新高一_总部,顾女士,13761610089,初三（2025年中考）,2,【直播课】专属助教答疑督学,顾女士,长按识别二维码
L13088,5月9日新高一_总部,沈,13916015169,初三（2025年中考）,2,【徐汇环贸】东湖路9号,沈,长按识别二维码
L13089,5月9日新高一_渠道_魔都升学圈,汪女士,13482126379,初二（2026年中考）,1,【闵行七宝】地铁9号线七宝站1 汇宝广场,Alvin ,长按识别二维码
L13090,5月9日新高一_总部,王女士,15121078732,初三（2025年中考）,1,【浦东金桥】地铁6号线 金桥路站,王女士,长按识别二维码
L13091,5月9日新高一_总部,雪糕,13761258265,初三（2025年中考）,1,【闵行莲花路】沪闵路7876号 胜富仁大厦,雪糕,长按识别二维码
L13092,5月9日新高一_渠道_魔都升学圈,Ms Gao,19293286782,初二（2026年中考）,1,【徐汇日月光】漕溪路280号 汇腾广场,Ms Gao,长按识别二维码
L13093,5月9日新高一_总部,廖,15921581481,初三（2025年中考）,2,【闵行莲花路】沪闵路7876号 胜富仁大厦,祝余,长按识别二维码
L13094,5月9日新高一_总部,Judy,13621921604,初三（2025年中考）,2,【普陀曹杨路】中山北路2900号 东方国际元中大厦C座,Judy,长按识别二维码
L13095,5月9日新高一_知伴社群,李女士,15618183252,初三（2025年中考）,2,【直播课】专属助教答疑督学,李女士,长按识别二维码
L13096,5月9日新高一_校区_江浦路,陆女士,13916468376,初三（2025年中考）,1,【杨浦江浦路】江浦路1500号(近控江路) 智慧树创意园区,陆女士,长按识别二维码
L13097,5月9日新高一_校区_七宝,周霜,18616398003,初三（2025年中考）,1,【闵行七宝】地铁9号线七宝站1 汇宝广场,周霜,长按识别二维码
L13098,5月9日新高一_总部,yhf,18005569001,初三（2025年中考）,1,【直播课】专属助教答疑督学,yhf,微信扫一扫
L13099,5月9日新高一_总部,媛,15201755100,初一（2027年中考）,2,【杨浦江浦路】江浦路1500号(近控江路) 智慧树创意园区,媛,长按识别二维码
L13100,5月9日新高一_校区_江浦路,ShirleyX,13817911201,初三（2025年中考）,1,【杨浦江浦路】江浦路1500号(近控江路) 智慧树创意园区,ShirleyX,长按识别二维码
L13101,5月9日新高一_渠道_魔都升学圈,张,13661869574,初二（2026年中考）,1,【浦东八佰伴】地铁9号线 商城路站,张,长按识别二维码
L13117,5月9日新高一_总部,谢女士,13681681803,初三（2025年中考）,2,【浦东八佰伴】地铁9号线 商城路站,谢女士,微信其他入口
L13123,大众点评,Yuki艺宁,13585906606,初三（2025年中考）,1,【直播课】专属助教答疑督学,Yuki艺宁,微信扫一扫
L13126,5月9日新高一_总部,测试号,17645796657,初一（2027年中考）,1,【直播课】专属助教答疑督学,17645796657,微信扫一扫
L13129,5月9日新高一_总部,老王,18298184667,初三（2025年中考）,1,【浦东八佰伴】地铁9号线 商城路站,老王,长按识别二维码
L13130,5月9日新高一_总部,️,13958790868,初三（2025年中考）,2,【浦东金桥】地铁6号线 金桥路站,️,长按识别二维码
L13131,5月9日新高一_渠道_知伴3,赵先生,18602171212,其他,1,【直播课】专属助教答疑督学,赵先生,微信扫一扫
L13132,5月9日新高一_总部,小严妈妈,13817096769,初三（2025年中考）,1,【杨浦江浦路】江浦路1500号(近控江路) 智慧树创意园区,小严妈妈,长按识别二维码
L13136,5月9日新高一_品牌,Rain,13611981301,初三（2025年中考）,1,【浦东蓝村路】蓝村路站 富都广场,Rain,长按识别二维码
L13138,5月9日新高一_总部,叶妈妈,13585798046,初三（2025年中考）,1,【闵行七宝】地铁9号线七宝站1 汇宝广场,叶妈妈,长按识别二维码
L13141,5月9日新高一_校区_日月光,孙,18501737896,初三（2025年中考）,1,【徐汇日月光】漕溪路280号 汇腾广场,孙,长按识别二维码
L13145,5月9日新高一_总部,何先生,13681601277,初三（2025年中考）,1,【杨浦江浦路】江浦路1500号(近控江路) 智慧树创意园区,何先生,长按识别二维码
L13155,5月9日新高一_总部,水瓶里的天蝎,13501649625,初三（2025年中考）,1,【杨浦江浦路】江浦路1500号(近控江路) 智慧树创意园区,水天一色,长按识别二维码
L13156,5月9日新高一_总部,Asther,13761962016,初三（2025年中考）,2,【浦东蓝村路】蓝村路站 富都广场,Asther,微信扫一扫
L13157,5月9日新高一_总部,王欣,13816956281,初三（2025年中考）,2,【浦东金桥】地铁6号线 金桥路站,王欣,微信其他入口
L13173,5月9日新高一_总部,俊俊,13917153335,初三（2025年中考）,1,【浦东金桥】地铁6号线 金桥路站,俊俊,长按识别二维码
L13175,5月9日新高一_总部,小草,13611666089,初三（2025年中考）,2,【直播课】专属助教答疑督学,小草,从相册选取二维码
L13176,5月9日新高一_总部,陈女士,13301640186,初三（2025年中考）,2,【浦东蓝村路】蓝村路站 富都广场,Max,长按识别二维码
L13178,5月9日新高一_总部,罗女士,13816093930,初三（2025年中考）,1,【杨浦江浦路】江浦路1500号(近控江路) 智慧树创意园区,罗女士,长按识别二维码
L13181,5月9日新高一_知伴社群,小草,13611666089,初三（2025年中考）,2,【直播课】专属助教答疑督学,小草,从相册选取二维码
L13189,5月9日新高一_总部,xhling,13524285607,初三（2025年中考）,1,【直播课】专属助教答疑督学,xhling,长按识别二维码
L13191,5月9日新高一_校区_莲花路,Amy,13918657147,初三（2025年中考）,1,【闵行莲花路】沪闵路7876号 胜富仁大厦,Amy,长按识别二维码
L13196,5月9日新高一_渠道_魔都升学圈,王小姐,18616387419,初三（2025年中考）,1,【普陀曹杨路】中山北路2900号 东方国际元中大厦C座,王小姐,长按识别二维码
L13197,5月9日新高一_校区_日月光,朱小姐,13381567663,初三（2025年中考）,1,【徐汇日月光】漕溪路280号 汇腾广场,朱小姐,长按识别二维码
L13198,5月9日新高一_校区_日月光,晴,13585557224,初三（2025年中考）,2,【徐汇日月光】漕溪路280号 汇腾广场,晴,长按识别二维码
L13199,5月9日新高一_校区_日月光,孙小姐,13818353581,初三（2025年中考）,2,【徐汇日月光】漕溪路280号 汇腾广场,孙小姐,长按识别二维码
L13200,5月9日新高一_总部,Effie,15502108088,初三（2025年中考）,1,【闵行七宝】地铁9号线七宝站1 汇宝广场,Effie,长按识别二维码
L13202,5月9日新高一_渠道_知伴3,燕子归来,13381826286,初二（2026年中考）,2,【闵行七宝】地铁9号线七宝站1 汇宝广场,Wendy Yang,微信扫一扫
L13203,5月9日新高一_校区_日月光,马大文,18621898191,初三（2025年中考）,2,【徐汇日月光】漕溪路280号 汇腾广场,马大文,长按识别二维码
L13207,5月9日新高一_校区_江浦路,张妈妈,13621752652,初三（2025年中考）,1,【杨浦江浦路】江浦路1500号(近控江路) 智慧树创意园区,张妈妈,长按识别二维码
L13209,5月9日新高一_校区_日月光,王先生,13801761926,初三（2025年中考）,1,【直播课】专属助教答疑督学,王先生,微信扫一扫
L13210,5月9日新高一_总部,心肝小牛牛,13816817734,初三（2025年中考）,2,【浦东金桥】地铁6号线 金桥路站,心肝小牛牛,长按识别二维码
L13211,5月9日新高一_校区_日月光,青柠story,18149780988,初三（2025年中考）,2,【徐汇日月光】漕溪路280号 汇腾广场,李女士,长按识别二维码
L13213,5月9日新高一_校区_日月光,倪女士,13917277846,初三（2025年中考）,1,【徐汇日月光】漕溪路280号 汇腾广场,倪女士,微信扫一扫
L13215,5月9日新高一_校区_日月光,陈小华,13918525586,初二（2026年中考）,2,【徐汇日月光】漕溪路280号 汇腾广场,陈小华,长按识别二维码
L13219,5月9日新高一_校区_环贸,林小妈妈,18623163045,初三（2025年中考）,2,【浦东八佰伴】地铁9号线 商城路站,林小妈妈,长按识别二维码
L13221,5月9日新高一_校区_日月光,张女士,13761674646,初三（2025年中考）,1,【徐汇日月光】漕溪路280号 汇腾广场,张女士,长按识别二维码
L13229,5月9日新高一_总部,Kora,18917523099,初三（2025年中考）,2,【浦东八佰伴】地铁9号线 商城路站,Kora,长按识别二维码
L13230,5月9日新高一_校区_日月光,林,15901729832,初一（2027年中考）,1,【徐汇日月光】漕溪路280号 汇腾广场,林女士,长按识别二维码
L13231,5月9日新高一_校区_日月光,刘屹洋妈妈,13801898666,初三（2025年中考）,1,【徐汇日月光】漕溪路280号 汇腾广场,刘屹洋妈妈,长按识别二维码
L13232,5月9日新高一_校区_日月光,李妈妈,17782012086,初三（2025年中考）,2,【徐汇环贸】东湖路9号,李妈妈,微信扫一扫
L13234,5月9日新高一_校区_日月光,雾里故人*,18930174005,初三（2025年中考）,2,【徐汇日月光】漕溪路280号 汇腾广场,米米,长按识别二维码
L13235,5月9日新高一_校区_日月光,温润如煜,13917133345,初三（2025年中考）,1,【徐汇日月光】漕溪路280号 汇腾广场,温润如煜????,长按识别二维码
L13236,5月9日新高一_校区_江浦路,邵,13818343067,初二（2026年中考）,1,【杨浦江浦路】江浦路1500号(近控江路) 智慧树创意园区,邵,微信扫一扫
L13237,5月9日新高一_校区_日月光,朱博远,18117557880,初三（2025年中考）,1,【徐汇日月光】漕溪路280号 汇腾广场,朱博远,长按识别二维码
L13238,5月9日新高一_校区_环贸,钱女士,18017180066,初三（2025年中考）,1,【徐汇环贸】东湖路9号,钱女士,长按识别二维码
L13239,5月9日新高一_校区_日月光,王,13817091804,初三（2025年中考）,1,【闵行七宝】地铁9号线七宝站1 汇宝广场,王,长按识别二维码
L13241,5月9日新高一_总部,小牛,13816913903,初三（2025年中考）,1,【杨浦江浦路】江浦路1500号(近控江路) 智慧树创意园区,小牛,长按识别二维码
L13242,5月9日新高一_知伴社群,陈妈妈,13917331953,初三（2025年中考）,1,【普陀曹杨路】中山北路2900号 东方国际元中大厦C座,陈妈妈,长按识别二维码
L13243,5月9日新高一_总部,张先生,17354417016,初三（2025年中考）,1,【杨浦江浦路】江浦路1500号(近控江路) 智慧树创意园区,张先生,长按识别二维码
L13244,5月9日新高一_知伴社群,朱朱,13501703393,初一（2027年中考）,1,【普陀曹杨路】中山北路2900号 东方国际元中大厦C座,朱朱,微信扫一扫
L13246,5月9日新高一_总部,星哥,18017250021,初三（2025年中考）,1,【闵行七宝】地铁9号线七宝站1 汇宝广场,星哥,长按识别二维码
L13249,5月9日新高一_总部,黄莹莹,13661667651,初三（2025年中考）,1,【浦东蓝村路】蓝村路站 富都广场,黄莹莹,长按识别二维码
L13250,5月9日新高一_总部,轩妈,13917577106,初一（2027年中考）,1,【浦东八佰伴】地铁9号线 商城路站,轩妈,微信其他入口
L13251,5月9日新高一_总部,刘学敏,13817436125,初三（2025年中考）,1,【浦东八佰伴】地铁9号线 商城路站,刘学敏,微信扫一扫
L13254,5月9日新高一_总部,陈有松,18101672401,初三（2025年中考）,2,【杨浦江浦路】江浦路1500号(近控江路) 智慧树创意园区,陈先生,长按识别二维码
L13255,5月9日新高一_校区_江浦路,Grace Hu,13371970685,初三（2025年中考）,1,【杨浦江浦路】江浦路1500号(近控江路) 智慧树创意园区,Grace Hu,微信扫一扫
L13256,5月9日新高一_校区_日月光,洋洋妈,18616909393,初三（2025年中考）,1,【徐汇日月光】漕溪路280号 汇腾广场,洋洋妈,长按识别二维码
L13258,5月9日新高一_校区_蓝村路,晶晶,13566948686,初三（2025年中考）,1,【浦东蓝村路】蓝村路站 富都广场,晶晶,长按识别二维码
L13260,5月9日新高一_校区_日月光,徐方明,13816923057,初三（2025年中考）,1,【徐汇日月光】漕溪路280号 汇腾广场,王佳君,长按识别二维码
L13261,5月9日新高一_总部,王,13917029139,初三（2025年中考）,1,【浦东蓝村路】蓝村路站 富都广场,王,长按识别二维码
L13262,大众点评,王,18502118686,初三（2026年中考）,1,【浦东蓝村路】蓝村路站 富都广场,王,长按识别二维码
L13263,大众点评,王,13764422289,初三（2027年中考）,1,【浦东蓝村路】蓝村路站 富都广场,王,长按识别二维码
L13264,大众点评,王,15278034056,初三（2028年中考）,1,【浦东蓝村路】蓝村路站 富都广场,王,长按识别二维码
L13265,大众点评,王,13501749525,初三（2029年中考）,1,【浦东蓝村路】蓝村路站 富都广场,王,长按识别二维码
L13266,大众点评,王,13917588655,初三（2030年中考）,1,【浦东蓝村路】蓝村路站 富都广场,王,长按识别二维码
L13267,大众点评,王,15301866192,初三（2031年中考）,1,【浦东蓝村路】蓝村路站 富都广场,王,长按识别二维码
L13268,大众点评,王,13816242585,初三（2032年中考）,1,【浦东蓝村路】蓝村路站 富都广场,王,长按识别二维码
L13269,大众点评,王,13816689929,初三（2033年中考）,1,【浦东蓝村路】蓝村路站 富都广场,王,长按识别二维码
L13270,大众点评,王,13661933550,初三（2034年中考）,1,【浦东蓝村路】蓝村路站 富都广场,王,长按识别二维码
L13271,大众点评,王,18918162323,初三（2035年中考）,1,【浦东蓝村路】蓝村路站 富都广场,王,长按识别二维码
L13272,大众点评,王,18914033033,初三（2036年中考）,1,【浦东蓝村路】蓝村路站 富都广场,王,长按识别二维码
L13273,大众点评,王,13817076689,初三（2037年中考）,1,【浦东蓝村路】蓝村路站 富都广场,王,长按识别二维码
L13274,大众点评,王,13391310260,初三（2038年中考）,1,【浦东蓝村路】蓝村路站 富都广场,王,长按识别二维码
L13275,大众点评,王,13817361806,初三（2039年中考）,1,【浦东蓝村路】蓝村路站 富都广场,王,长按识别二维码
L13276,大众点评,王,13761952652,初三（2040年中考）,1,【浦东蓝村路】蓝村路站 富都广场,王,长按识别二维码
L13277,大众点评,王,13761049165,初三（2041年中考）,1,【浦东蓝村路】蓝村路站 富都广场,王,长按识别二维码
L13278,大众点评,王,13601929498,初三（2042年中考）,1,【浦东蓝村路】蓝村路站 富都广场,王,长按识别二维码
L13279,大众点评,王,13918966389,初三（2043年中考）,1,【浦东蓝村路】蓝村路站 富都广场,王,长按识别二维码
L13280,大众点评,王,13817773937,初三（2044年中考）,1,【浦东蓝村路】蓝村路站 富都广场,王,长按识别二维码
L13281,大众点评,王,17717577912,初三（2045年中考）,1,【浦东蓝村路】蓝村路站 富都广场,王,长按识别二维码
L13282,大众点评,王,13636393811,初三（2046年中考）,1,【浦东蓝村路】蓝村路站 富都广场,王,长按识别二维码
L13283,大众点评,王,13391337556,初三（2047年中考）,1,【浦东蓝村路】蓝村路站 富都广场,王,长按识别二维码
L13284,大众点评,王,17302173898,初三（2048年中考）,1,【浦东蓝村路】蓝村路站 富都广场,王,长按识别二维码
L13285,大众点评,王,13817773937,初三（2049年中考）,1,【浦东蓝村路】蓝村路站 富都广场,王,长按识别二维码
L13286,大众点评,王,13564789112,初三（2050年中考）,1,【浦东蓝村路】蓝村路站 富都广场,王,长按识别二维码
L13287,大众点评,王,13816050732,初三（2051年中考）,1,【浦东蓝村路】蓝村路站 富都广场,王,长按识别二维码
L13288,大众点评,王,13512167571,初三（2052年中考）,1,【浦东蓝村路】蓝村路站 富都广场,王,长按识别二维码
L13289,大众点评,王,13764280551,初三（2053年中考）,1,【浦东蓝村路】蓝村路站 富都广场,王,长按识别二维码
L13290,大众点评,王,13816873186,初三（2054年中考）,1,【浦东蓝村路】蓝村路站 富都广场,王,长按识别二维码
L13291,大众点评,王,18930609123,初三（2055年中考）,1,【浦东蓝村路】蓝村路站 富都广场,王,长按识别二维码
L13292,大众点评,王,13636646423,初三（2056年中考）,1,【浦东蓝村路】蓝村路站 富都广场,王,长按识别二维码
L13293,大众点评,王,15900677760,初三（2057年中考）,1,【浦东蓝村路】蓝村路站 富都广场,王,长按识别二维码
L13294,大众点评,王,13124812117,初三（2058年中考）,1,【浦东蓝村路】蓝村路站 富都广场,王,长按识别二维码
L13295,大众点评,王,18621663867,初三（2059年中考）,1,【浦东蓝村路】蓝村路站 富都广场,王,长按识别二维码
L13296,大众点评,王,13774249299,初三（2060年中考）,1,【浦东蓝村路】蓝村路站 富都广场,王,长按识别二维码
L13297,大众点评,王,18616597157,初三（2061年中考）,1,【浦东蓝村路】蓝村路站 富都广场,王,长按识别二维码
L13298,大众点评,王,13917513575,初三（2062年中考）,1,【浦东蓝村路】蓝村路站 富都广场,王,长按识别二维码
L13299,大众点评,王,17702157521,初三（2063年中考）,1,【浦东蓝村路】蓝村路站 富都广场,王,长按识别二维码
L13300,大众点评,王,18116382983,初三（2064年中考）,1,【浦东蓝村路】蓝村路站 富都广场,王,长按识别二维码
L13301,大众点评,王,13917000607,初三（2065年中考）,1,【浦东蓝村路】蓝村路站 富都广场,王,长按识别二维码
L13302,大众点评,王,13918686038,初三（2066年中考）,1,【浦东蓝村路】蓝村路站 富都广场,王,长按识别二维码
L13303,大众点评,王,13816151170,初三（2067年中考）,1,【浦东蓝村路】蓝村路站 富都广场,王,长按识别二维码
L13304,大众点评,王,13916456947,初三（2068年中考）,1,【浦东蓝村路】蓝村路站 富都广场,王,长按识别二维码
L13305,大众点评,王,13816684045,初三（2069年中考）,1,【浦东蓝村路】蓝村路站 富都广场,王,长按识别二维码
L13306,大众点评,王,18930915762,初三（2070年中考）,1,【浦东蓝村路】蓝村路站 富都广场,王,长按识别二维码
L13307,大众点评,王,13818095566,初三（2071年中考）,1,【浦东蓝村路】蓝村路站 富都广场,王,长按识别二维码
L13308,大众点评,王,13482329684,初三（2072年中考）,1,【浦东蓝村路】蓝村路站 富都广场,王,长按识别二维码
L13309,大众点评,王,13482329684,初三（2073年中考）,1,【浦东蓝村路】蓝村路站 富都广场,王,长按识别二维码
L13310,大众点评,王,18117386026,初三（2074年中考）,1,【浦东蓝村路】蓝村路站 富都广场,王,长按识别二维码
L13311,大众点评,王,18964817312,初三（2075年中考）,1,【浦东蓝村路】蓝村路站 富都广场,王,长按识别二维码
L13312,大众点评,王,13818553943,初三（2076年中考）,1,【浦东蓝村路】蓝村路站 富都广场,王,长按识别二维码
L13313,大众点评,王,15036521473,初三（2077年中考）,1,【浦东蓝村路】蓝村路站 富都广场,王,长按识别二维码
L13314,大众点评,王,18521099315,初三（2078年中考）,1,【浦东蓝村路】蓝村路站 富都广场,王,长按识别二维码
L13315,大众点评,王,18001721927,初三（2079年中考）,1,【浦东蓝村路】蓝村路站 富都广场,王,长按识别二维码
L13316,大众点评,王,13918278537,初三（2080年中考）,1,【浦东蓝村路】蓝村路站 富都广场,王,长按识别二维码
L13317,大众点评,王,13524960651,初三（2081年中考）,1,【浦东蓝村路】蓝村路站 富都广场,王,长按识别二维码
L13318,大众点评,王,18621851712,初三（2082年中考）,1,【浦东蓝村路】蓝村路站 富都广场,王,长按识别二维码
L13319,大众点评,王,18616833740,初三（2083年中考）,1,【浦东蓝村路】蓝村路站 富都广场,王,长按识别二维码
L13320,大众点评,王,18018685777,初三（2084年中考）,1,【浦东蓝村路】蓝村路站 富都广场,王,长按识别二维码
L13321,大众点评,王,13764702781,初三（2085年中考）,1,【浦东蓝村路】蓝村路站 富都广场,王,长按识别二维码
L13322,大众点评,王,13651752158,初三（2086年中考）,1,【浦东蓝村路】蓝村路站 富都广场,王,长按识别二维码
L13323,大众点评,王,18721172767,初三（2087年中考）,1,【浦东蓝村路】蓝村路站 富都广场,王,长按识别二维码
L13324,大众点评,王,13512108594,初三（2088年中考）,1,【浦东蓝村路】蓝村路站 富都广场,王,长按识别二维码
L13325,大众点评,王,13761037800,初三（2089年中考）,1,【浦东蓝村路】蓝村路站 富都广场,王,长按识别二维码
L13326,大众点评,王,18721799983,初三（2090年中考）,1,【浦东蓝村路】蓝村路站 富都广场,王,长按识别二维码
L13327,大众点评,王,13917224777,初三（2091年中考）,1,【浦东蓝村路】蓝村路站 富都广场,王,长按识别二维码
L13328,大众点评,王,18501616658,初三（2092年中考）,1,【浦东蓝村路】蓝村路站 富都广场,王,长按识别二维码
L13329,大众点评,王,18049769780,初三（2093年中考）,1,【浦东蓝村路】蓝村路站 富都广场,王,长按识别二维码
L13330,大众点评,王,19921913818,初三（2094年中考）,1,【浦东蓝村路】蓝村路站 富都广场,王,长按识别二维码
L13331,大众点评,王,13564985285,初三（2095年中考）,1,【浦东蓝村路】蓝村路站 富都广场,王,长按识别二维码
L13332,大众点评,王,17301756892,初三（2096年中考）,1,【浦东蓝村路】蓝村路站 富都广场,王,长按识别二维码
L13333,大众点评,王,18321618561,初三（2097年中考）,1,【浦东蓝村路】蓝村路站 富都广场,王,长按识别二维码
L13334,大众点评,王,18021077687,初三（2098年中考）,1,【浦东蓝村路】蓝村路站 富都广场,王,长按识别二维码
L13335,大众点评,王,13801689403,初三（2099年中考）,1,【浦东蓝村路】蓝村路站 富都广场,王,长按识别二维码
L13336,大众点评,王,15121028879,初三（2100年中考）,1,【浦东蓝村路】蓝村路站 富都广场,王,长按识别二维码
L13337,大众点评,王,13916418050,初三（2101年中考）,1,【浦东蓝村路】蓝村路站 富都广场,王,长按识别二维码
L13338,大众点评,王,18930511312,初三（2102年中考）,1,【浦东蓝村路】蓝村路站 富都广场,王,长按识别二维码
L13339,大众点评,王,18602124428,初三（2103年中考）,1,【浦东蓝村路】蓝村路站 富都广场,王,长按识别二维码
L13340,大众点评,王,13816126383,初三（2104年中考）,1,【浦东蓝村路】蓝村路站 富都广场,王,长按识别二维码
L13341,大众点评,王,13651616577,初三（2105年中考）,1,【浦东蓝村路】蓝村路站 富都广场,王,长按识别二维码
L13342,大众点评,王,18521573480,初三（2106年中考）,1,【浦东蓝村路】蓝村路站 富都广场,王,长按识别二维码
L13343,大众点评,王,13817758210,初三（2107年中考）,1,【浦东蓝村路】蓝村路站 富都广场,王,长按识别二维码
L13344,大众点评,王,13636337507,初三（2108年中考）,1,【浦东蓝村路】蓝村路站 富都广场,王,长按识别二维码
L13345,大众点评,王,18501709062,初三（2109年中考）,1,【浦东蓝村路】蓝村路站 富都广场,王,长按识别二维码
L13346,大众点评,王,18918583591,初三（2110年中考）,1,【浦东蓝村路】蓝村路站 富都广场,王,长按识别二维码
L13347,大众点评,王,19916700763,初三（2111年中考）,1,【浦东蓝村路】蓝村路站 富都广场,王,长按识别二维码
L13348,大众点评,王,18918582729,初三（2112年中考）,1,【浦东蓝村路】蓝村路站 富都广场,王,长按识别二维码
L13349,大众点评,王,15102115447,初三（2113年中考）,1,【浦东蓝村路】蓝村路站 富都广场,王,长按识别二维码
L13350,大众点评,王,19921332434,初三（2114年中考）,1,【浦东蓝村路】蓝村路站 富都广场,王,长按识别二维码
L13351,大众点评,王,18918670980,初三（2115年中考）,1,【浦东蓝村路】蓝村路站 富都广场,王,长按识别二维码
L13352,大众点评,王,13524697616,初三（2116年中考）,1,【浦东蓝村路】蓝村路站 富都广场,王,长按识别二维码
L13353,大众点评,王,13916987547,初三（2117年中考）,1,【浦东蓝村路】蓝村路站 富都广场,王,长按识别二维码
L13354,大众点评,王,18116314375,初三（2118年中考）,1,【浦东蓝村路】蓝村路站 富都广场,王,长按识别二维码
